Geographic area,Indicator,Sex,TIME_PERIOD,OBS_VALUE,Unit multiplier,Unit of measure,Observation Status,Observation confidentaility,LOWER_BOUND,UPPER_BOUND,WGTD_SAMPL_SIZE,OBS_FOOTNOTE,SERIES_FOOTNOTE,DATA_SOURCE,SOURCE_LINK,CUSTODIAN,Time period activity related to when the data are collected,REF_PERIOD,COVERAGE_TIME,Current age
Afghanistan,Completion rate for adolescents of lower secondary school age,Female,2015,25.63134,,%,,,,,,,,DHS 2015,,,,,,Total
Afghanistan,Completion rate for adolescents of lower secondary school age,Male,2015,49.296501,,%,,,,,,,,DHS 2015,,,,,,Total
Afghanistan,Completion rate for adolescents of lower secondary school age,Total,2015,37.217079,,%,,,,,,,,DHS 2015,,,,,,Total
Albania,Completion rate for adolescents of lower secondary school age,Female,2018,97.412567,,%,,,,,,,,DHS 2017-18,,,,,,Total
Albania,Completion rate for adolescents of lower secondary school age,Male,2018,97.929047,,%,,,,,,,,DHS 2017-18,,,,,,Total
Albania,Completion rate for adolescents of lower secondary school age,Total,2018,97.671013,,%,,,,,,,,DHS 2017-18,,,,,,Total
Algeria,Completion rate for adolescents of lower secondary school age,Female,2020,78.171562,,%,,,,,,,,MICS 2019,,,,,,Total
Algeria,Completion rate for adolescents of lower secondary school age,Male,2020,60.489948,,%,,,,,,,,MICS 2019,,,,,,Total
Algeria,Completion rate for adolescents of lower secondary school age,Total,2020,68.905968,,%,,,,,,,,MICS 2019,,,,,,Total
Angola,Completion rate for adolescents of lower secondary school age,Female,2016,31.708269,,%,,,,,,,,DHS 2015-16,,,,,,Total
Angola,Completion rate for adolescents of lower secondary school age,Male,2016,42.056301,,%,,,,,,,,DHS 2015-16,,,,,,Total
Angola,Completion rate for adolescents of lower secondary school age,Total,2016,36.50642,,%,,,,,,,,DHS 2015-16,,,,,,Total
Argentina,Completion rate for adolescents of lower secondary school age,Female,2020,84.934196,,%,,,,,,,,MICS 2019-20,,,,,,Total
Argentina,Completion rate for adolescents of lower secondary school age,Male,2020,74.320808,,%,,,,,,,,MICS 2019-20,,,,,,Total
Argentina,Completion rate for adolescents of lower secondary school age,Total,2020,79.316093,,%,,,,,,,,MICS 2019-20,,,,,,Total
Armenia,Completion rate for adolescents of lower secondary school age,Female,2016,99.152008,,%,,,,,,,,DHS 2015-16,,,,,,Total
Armenia,Completion rate for adolescents of lower secondary school age,Male,2016,94.619598,,%,,,,,,,,DHS 2015-16,,,,,,Total
Armenia,Completion rate for adolescents of lower secondary school age,Total,2016,97.058952,,%,,,,,,,,DHS 2015-16,,,,,,Total
Bangladesh,Completion rate for adolescents of lower secondary school age,Female,2019,70.5,,%,,,,,,,,MICS 2019,,,,,,Total
Bangladesh,Completion rate for adolescents of lower secondary school age,Male,2019,59.200001,,%,,,,,,,,MICS 2019,,,,,,Total
Bangladesh,Completion rate for adolescents of lower secondary school age,Total,2019,64.699997,,%,,,,,,,,MICS 2019,,,,,,Total
Barbados,Completion rate for adolescents of lower secondary school age,Female,2012,97.900002,,%,,,,,,,,MICS 2012,,,,,,Total
Barbados,Completion rate for adolescents of lower secondary school age,Male,2012,98,,%,,,,,,,,MICS 2012,,,,,,Total
Barbados,Completion rate for adolescents of lower secondary school age,Total,2012,98,,%,,,,,,,,MICS 2012,,,,,,Total
Belarus,Completion rate for adolescents of lower secondary school age,Female,2020,98.784286,,%,,,,,,,,MICS 2019,,,,,,Total
Belarus,Completion rate for adolescents of lower secondary school age,Male,2020,98.814774,,%,,,,,,,,MICS 2019,,,,,,Total
Belarus,Completion rate for adolescents of lower secondary school age,Total,2020,98.800743,,%,,,,,,,,MICS 2019,,,,,,Total
Belize,Completion rate for adolescents of lower secondary school age,Female,2016,65.5,,%,,,,,,,,MICS 2015-16,,,,,,Total
Belize,Completion rate for adolescents of lower secondary school age,Male,2016,54.799999,,%,,,,,,,,MICS 2015-16,,,,,,Total
Belize,Completion rate for adolescents of lower secondary school age,Total,2016,60.299999,,%,,,,,,,,MICS 2015-16,,,,,,Total
Benin,Completion rate for adolescents of lower secondary school age,Female,2018,13.41031,,%,,,,,,,,DHS 2017-18,,,,,,Total
Benin,Completion rate for adolescents of lower secondary school age,Male,2018,25.0865,,%,,,,,,,,DHS 2017-18,,,,,,Total
Benin,Completion rate for adolescents of lower secondary school age,Total,2018,18.63559,,%,,,,,,,,DHS 2017-18,,,,,,Total
Bolivia (Plurinational State of),Completion rate for adolescents of lower secondary school age,Female,2016,81.559921,,%,,,,,,,,Encuesta de DemografÃ­a y Salud (EDSA) 2016,,,,,,Total
Bolivia (Plurinational State of),Completion rate for adolescents of lower secondary school age,Male,2016,84.253906,,%,,,,,,,,Encuesta de DemografÃ­a y Salud (EDSA) 2016,,,,,,Total
Bolivia (Plurinational State of),Completion rate for adolescents of lower secondary school age,Total,2016,82.905907,,%,,,,,,,,Encuesta de DemografÃ­a y Salud (EDSA) 2016,,,,,,Total
Bosnia and Herzegovina,Completion rate for adolescents of lower secondary school age,Female,2012,96.900002,,%,,,,,,,,MICS 2011-12,,,,,,Total
Bosnia and Herzegovina,Completion rate for adolescents of lower secondary school age,Male,2012,96.800003,,%,,,,,,,,MICS 2011-12,,,,,,Total
Bosnia and Herzegovina,Completion rate for adolescents of lower secondary school age,Total,2012,96.800003,,%,,,,,,,,MICS 2011-12,,,,,,Total
Botswana,Completion rate for adolescents of lower secondary school age,Female,2017,91.599998,,%,,,,,,,,Botswana Demographic Survey 2017,,,,,,Total
Botswana,Completion rate for adolescents of lower secondary school age,Male,2017,91.5,,%,,,,,,,,Botswana Demographic Survey 2017,,,,,,Total
Botswana,Completion rate for adolescents of lower secondary school age,Total,2017,91.5,,%,,,,,,,,Botswana Demographic Survey 2017,,,,,,Total
Brazil,Completion rate for adolescents of lower secondary school age,Female,2019,88.599998,,%,,,,,,,,PNAD 2019,,,,,,Total
Brazil,Completion rate for adolescents of lower secondary school age,Male,2019,80.900002,,%,,,,,,,,PNAD 2019,,,,,,Total
Brazil,Completion rate for adolescents of lower secondary school age,Total,2019,84.699997,,%,,,,,,,,PNAD 2019,,,,,,Total
Burundi,Completion rate for adolescents of lower secondary school age,Female,2017,19.4,,%,,,,,,,,DHS 2016-17,,,,,,Total
Burundi,Completion rate for adolescents of lower secondary school age,Male,2017,25.700001,,%,,,,,,,,DHS 2016-17,,,,,,Total
Burundi,Completion rate for adolescents of lower secondary school age,Total,2017,22.200001,,%,,,,,,,,DHS 2016-17,,,,,,Total
Cambodia,Completion rate for adolescents of lower secondary school age,Female,2014,38.900002,,%,,,,,,,,DHS 2014,,,,,,Total
Cambodia,Completion rate for adolescents of lower secondary school age,Male,2014,41,,%,,,,,,,,DHS 2014,,,,,,Total
Cambodia,Completion rate for adolescents of lower secondary school age,Total,2014,40,,%,,,,,,,,DHS 2014,,,,,,Total
Cameroon,Completion rate for adolescents of lower secondary school age,Female,2018,43.021049,,%,,,,,,,,DHS 2018,,,,,,Total
Cameroon,Completion rate for adolescents of lower secondary school age,Male,2018,52.14241,,%,,,,,,,,DHS 2018,,,,,,Total
Cameroon,Completion rate for adolescents of lower secondary school age,Total,2018,47.42281,,%,,,,,,,,DHS 2018,,,,,,Total
Central African Republic,Completion rate for adolescents of lower secondary school age,Female,2019,10.15851,,%,,,,,,,,MICS 2018-19,,,,,,Total
Central African Republic,Completion rate for adolescents of lower secondary school age,Male,2019,15.06687,,%,,,,,,,,MICS 2018-19,,,,,,Total
Central African Republic,Completion rate for adolescents of lower secondary school age,Total,2019,12.26978,,%,,,,,,,,MICS 2018-19,,,,,,Total
Chad,Completion rate for adolescents of lower secondary school age,Female,2019,9.0356951,,%,,,,,,,,MICS 2019,,,,,,Total
Chad,Completion rate for adolescents of lower secondary school age,Male,2019,17.82753,,%,,,,,,,,MICS 2019,,,,,,Total
Chad,Completion rate for adolescents of lower secondary school age,Total,2019,13.19732,,%,,,,,,,,MICS 2019,,,,,,Total
Chile,Completion rate for adolescents of lower secondary school age,Female,2017,96.90509,,%,,,,,,,,CASEN 2017,,,,,,Total
Chile,Completion rate for adolescents of lower secondary school age,Male,2017,94.346909,,%,,,,,,,,CASEN 2017,,,,,,Total
Chile,Completion rate for adolescents of lower secondary school age,Total,2017,95.600967,,%,,,,,,,,CASEN 2017,,,,,,Total
China,Completion rate for adolescents of lower secondary school age,Female,2015,93.400002,,%,,,,,,,,National Population Sample Survey 2015,,,,,,Total
China,Completion rate for adolescents of lower secondary school age,Male,2015,92.900002,,%,,,,,,,,National Population Sample Survey 2015,,,,,,Total
China,Completion rate for adolescents of lower secondary school age,Total,2015,93.199997,,%,,,,,,,,National Population Sample Survey 2015,,,,,,Total
Colombia,Completion rate for adolescents of lower secondary school age,Female,2015,81.203506,,%,,,,,,,,DHS 2015,,,,,,Total
Colombia,Completion rate for adolescents of lower secondary school age,Male,2015,73.86261,,%,,,,,,,,DHS 2015,,,,,,Total
Colombia,Completion rate for adolescents of lower secondary school age,Total,2015,77.607498,,%,,,,,,,,DHS 2015,,,,,,Total
Comoros,Completion rate for adolescents of lower secondary school age,Female,2012,45,,%,,,,,,,,DHS 2012,,,,,,Total
Comoros,Completion rate for adolescents of lower secondary school age,Male,2012,47.400002,,%,,,,,,,,DHS 2012,,,,,,Total
Comoros,Completion rate for adolescents of lower secondary school age,Total,2012,46,,%,,,,,,,,DHS 2012,,,,,,Total
Congo,Completion rate for adolescents of lower secondary school age,Female,2015,44.90435,,%,,,,,,,,MICS 2014-15,,,,,,Total
Congo,Completion rate for adolescents of lower secondary school age,Male,2015,56.420841,,%,,,,,,,,MICS 2014-15,,,,,,Total
Congo,Completion rate for adolescents of lower secondary school age,Total,2015,50.33802,,%,,,,,,,,MICS 2014-15,,,,,,Total
Costa Rica,Completion rate for adolescents of lower secondary school age,Female,2018,75.538803,,%,,,,,,,,MICS 2018,,,,,,Total
Costa Rica,Completion rate for adolescents of lower secondary school age,Male,2018,70.457947,,%,,,,,,,,MICS 2018,,,,,,Total
Costa Rica,Completion rate for adolescents of lower secondary school age,Total,2018,72.890152,,%,,,,,,,,MICS 2018,,,,,,Total
Cuba,Completion rate for adolescents of lower secondary school age,Female,2019,95.093628,,%,,,,,,,,MICS 2019,,,,,,Total
Cuba,Completion rate for adolescents of lower secondary school age,Male,2019,93.281937,,%,,,,,,,,MICS 2019,,,,,,Total
Cuba,Completion rate for adolescents of lower secondary school age,Total,2019,94.091927,,%,,,,,,,,MICS 2019,,,,,,Total
Côte d'Ivoire,Completion rate for adolescents of lower secondary school age,Female,2016,22,,%,,,,,,,,MICS 2016,,,,,,Total
Côte d'Ivoire,Completion rate for adolescents of lower secondary school age,Male,2016,36,,%,,,,,,,,MICS 2016,,,,,,Total
Côte d'Ivoire,Completion rate for adolescents of lower secondary school age,Total,2016,28.299999,,%,,,,,,,,MICS 2016,,,,,,Total
Democratic People's Republic of Korea,Completion rate for adolescents of lower secondary school age,Female,2017,99.900002,,%,,,,,,,,MICS 2017,,,,,,Total
Democratic People's Republic of Korea,Completion rate for adolescents of lower secondary school age,Male,2017,99.800003,,%,,,,,,,,MICS 2017,,,,,,Total
Democratic People's Republic of Korea,Completion rate for adolescents of lower secondary school age,Total,2017,99.800003,,%,,,,,,,,MICS 2017,,,,,,Total
Democratic Republic of the Congo,Completion rate for adolescents of lower secondary school age,Female,2018,51.716011,,%,,,,,,,,MICS 2017-18,,,,,,Total
Democratic Republic of the Congo,Completion rate for adolescents of lower secondary school age,Male,2018,57.553799,,%,,,,,,,,MICS 2017-18,,,,,,Total
Democratic Republic of the Congo,Completion rate for adolescents of lower secondary school age,Total,2018,54.386219,,%,,,,,,,,MICS 2017-18,,,,,,Total
Dominican Republic,Completion rate for adolescents of lower secondary school age,Female,2019,83.459267,,%,,,,,,,,MICS 2019,,,,,,Total
Dominican Republic,Completion rate for adolescents of lower secondary school age,Male,2019,70.344963,,%,,,,,,,,MICS 2019,,,,,,Total
Dominican Republic,Completion rate for adolescents of lower secondary school age,Total,2019,76.727829,,%,,,,,,,,MICS 2019,,,,,,Total
East Asia and Pacific,Completion rate for adolescents of lower secondary school age,Female,2022,88.697707,,%,,,,,,,,UNICEF Global Database,,,,,,Total
East Asia and Pacific,Completion rate for adolescents of lower secondary school age,Male,2022,86.253226,,%,,,,,,,,UNICEF Global Database,,,,,,Total
East Asia and Pacific,Completion rate for adolescents of lower secondary school age,Total,2022,87.450164,,%,,,,,,,,UNICEF Global Database,,,,,,Total
Eastern Europe and Central Asia,Completion rate for adolescents of lower secondary school age,Female,2022,95.549412,,%,,,,,,,,UNICEF Global Database,,,,,,Total
Eastern Europe and Central Asia,Completion rate for adolescents of lower secondary school age,Male,2022,97.473887,,%,,,,,,,,UNICEF Global Database,,,,,,Total
Eastern Europe and Central Asia,Completion rate for adolescents of lower secondary school age,Total,2022,96.522509,,%,,,,,,,,UNICEF Global Database,,,,,,Total
Eastern and Southern Africa,Completion rate for adolescents of lower secondary school age,Female,2022,33.227959,,%,,,,,,,,UNICEF Global Database,,,,,,Total
Eastern and Southern Africa,Completion rate for adolescents of lower secondary school age,Male,2022,33.39929,,%,,,,,,,,UNICEF Global Database,,,,,,Total
Eastern and Southern Africa,Completion rate for adolescents of lower secondary school age,Total,2022,33.273518,,%,,,,,,,,UNICEF Global Database,,,,,,Total
Ecuador,Completion rate for adolescents of lower secondary school age,Female,2019,91.599998,,%,,,,,,,,GEPH-ENEMDU-DICIEMBRE - 2019,,,,,,Total
Ecuador,Completion rate for adolescents of lower secondary school age,Male,2019,88.900002,,%,,,,,,,,GEPH-ENEMDU-DICIEMBRE - 2019,,,,,,Total
Ecuador,Completion rate for adolescents of lower secondary school age,Total,2019,90.199997,,%,,,,,,,,GEPH-ENEMDU-DICIEMBRE - 2019,,,,,,Total
Egypt,Completion rate for adolescents of lower secondary school age,Female,2014,81.268738,,%,,,,,,,,DHS 2014,,,,,,Total
Egypt,Completion rate for adolescents of lower secondary school age,Male,2014,79.407623,,%,,,,,,,,DHS 2014,,,,,,Total
Egypt,Completion rate for adolescents of lower secondary school age,Total,2014,80.363083,,%,,,,,,,,DHS 2014,,,,,,Total
El Salvador,Completion rate for adolescents of lower secondary school age,Female,2014,73.900002,,%,,,,,,,,MICS 2014,,,,,,Total
El Salvador,Completion rate for adolescents of lower secondary school age,Male,2014,72.699997,,%,,,,,,,,MICS 2014,,,,,,Total
El Salvador,Completion rate for adolescents of lower secondary school age,Total,2014,73.300003,,%,,,,,,,,MICS 2014,,,,,,Total
Eswatini,Completion rate for adolescents of lower secondary school age,Female,2014,54.148529,,%,,,,,,,,MICS 2014,,,,,,Total
Eswatini,Completion rate for adolescents of lower secondary school age,Male,2014,47.111519,,%,,,,,,,,MICS 2014,,,,,,Total
Eswatini,Completion rate for adolescents of lower secondary school age,Total,2014,50.470829,,%,,,,,,,,MICS 2014,,,,,,Total
Ethiopia,Completion rate for adolescents of lower secondary school age,Female,2016,22.33713,,%,,,,,,,,DHS 2016,,,,,,Total
Ethiopia,Completion rate for adolescents of lower secondary school age,Male,2016,19.41054,,%,,,,,,,,DHS 2016,,,,,,Total
Ethiopia,Completion rate for adolescents of lower secondary school age,Total,2016,21.065941,,%,,,,,,,,DHS 2016,,,,,,Total
Gabon,Completion rate for adolescents of lower secondary school age,Female,2012,32.904999,,%,,,,,,,,DHS 2012,,,,,,Total
Gabon,Completion rate for adolescents of lower secondary school age,Male,2012,31.962271,,%,,,,,,,,DHS 2012,,,,,,Total
Gabon,Completion rate for adolescents of lower secondary school age,Total,2012,32.460979,,%,,,,,,,,DHS 2012,,,,,,Total
Gambia,Completion rate for adolescents of lower secondary school age,Female,2013,47.649269,,%,,,,,,,,DHS 2013,,,,,,Total
Gambia,Completion rate for adolescents of lower secondary school age,Male,2013,49.890072,,%,,,,,,,,DHS 2013,,,,,,Total
Gambia,Completion rate for adolescents of lower secondary school age,Total,2013,48.697842,,%,,,,,,,,DHS 2013,,,,,,Total
Georgia,Completion rate for adolescents of lower secondary school age,Female,2018,97.781189,,%,,,,,,,,MICS 2018,,,,,,Total
Georgia,Completion rate for adolescents of lower secondary school age,Male,2018,97.649307,,%,,,,,,,,MICS 2018,,,,,,Total
Georgia,Completion rate for adolescents of lower secondary school age,Total,2018,97.699997,,%,,,,,,,,MICS 2018,,,,,,Total
Ghana,Completion rate for adolescents of lower secondary school age,Female,2018,50.225689,,%,,,,,,,,MICS 2017-18,,,,,,Total
Ghana,Completion rate for adolescents of lower secondary school age,Male,2018,44.920261,,%,,,,,,,,MICS 2017-18,,,,,,Total
Ghana,Completion rate for adolescents of lower secondary school age,Total,2018,47.422539,,%,,,,,,,,MICS 2017-18,,,,,,Total
Guatemala,Completion rate for adolescents of lower secondary school age,Female,2015,45.090641,,%,,,,,,,,DHS 2014-15,,,,,,Total
Guatemala,Completion rate for adolescents of lower secondary school age,Male,2015,51.74752,,%,,,,,,,,DHS 2014-15,,,,,,Total
Guatemala,Completion rate for adolescents of lower secondary school age,Total,2015,48.24213,,%,,,,,,,,DHS 2014-15,,,,,,Total
Guinea,Completion rate for adolescents of lower secondary school age,Female,2018,19.87079,,%,,,,,,,,DHS 2018,,,,,,Total
Guinea,Completion rate for adolescents of lower secondary school age,Male,2018,32.728451,,%,,,,,,,,DHS 2018,,,,,,Total
Guinea,Completion rate for adolescents of lower secondary school age,Total,2018,25.398821,,%,,,,,,,,DHS 2018,,,,,,Total
Guinea-Bissau,Completion rate for adolescents of lower secondary school age,Female,2019,16.384991,,%,,,,,,,,MICS 2018-19,,,,,,Total
Guinea-Bissau,Completion rate for adolescents of lower secondary school age,Male,2019,17.8113,,%,,,,,,,,MICS 2018-19,,,,,,Total
Guinea-Bissau,Completion rate for adolescents of lower secondary school age,Total,2019,17.050091,,%,,,,,,,,MICS 2018-19,,,,,,Total
Guyana,Completion rate for adolescents of lower secondary school age,Female,2020,87.974953,,%,,,,,,,,MICS 2019-20,,,,,,Total
Guyana,Completion rate for adolescents of lower secondary school age,Male,2020,78.881142,,%,,,,,,,,MICS 2019-20,,,,,,Total
Guyana,Completion rate for adolescents of lower secondary school age,Total,2020,83.254868,,%,,,,,,,,MICS 2019-20,,,,,,Total
Haiti,Completion rate for adolescents of lower secondary school age,Female,2017,38.157829,,%,,,,,,,,DHS 2016-17,,,,,,Total
Haiti,Completion rate for adolescents of lower secondary school age,Male,2017,31.908991,,%,,,,,,,,DHS 2016-17,,,,,,Total
Haiti,Completion rate for adolescents of lower secondary school age,Total,2017,35.051491,,%,,,,,,,,DHS 2016-17,,,,,,Total
Honduras,Completion rate for adolescents of lower secondary school age,Female,2019,58.312931,,%,,,,,,,,MICS 2019,,,,,,Total
Honduras,Completion rate for adolescents of lower secondary school age,Male,2019,49.898331,,%,,,,,,,,MICS 2019,,,,,,Total
Honduras,Completion rate for adolescents of lower secondary school age,Total,2019,54.185829,,%,,,,,,,,MICS 2019,,,,,,Total
India,Completion rate for adolescents of lower secondary school age,Female,2016,79.272003,,%,,,,,,,,DHS 2015-16,,,,,,Total
India,Completion rate for adolescents of lower secondary school age,Male,2016,82.447998,,%,,,,,,,,DHS 2015-16,,,,,,Total
India,Completion rate for adolescents of lower secondary school age,Total,2016,80.885002,,%,,,,,,,,DHS 2015-16,,,,,,Total
Indonesia,Completion rate for adolescents of lower secondary school age,Female,2017,90.151649,,%,,,,,,,,DHS 2017,,,,,,Total
Indonesia,Completion rate for adolescents of lower secondary school age,Male,2017,86.010269,,%,,,,,,,,DHS 2017,,,,,,Total
Indonesia,Completion rate for adolescents of lower secondary school age,Total,2017,88.078247,,%,,,,,,,,DHS 2017,,,,,,Total
Iraq,Completion rate for adolescents of lower secondary school age,Female,2018,46.599998,,%,,,,,,,,MICS 2018,,,,,,Total
Iraq,Completion rate for adolescents of lower secondary school age,Male,2018,46.200001,,%,,,,,,,,MICS 2018,,,,,,Total
Iraq,Completion rate for adolescents of lower secondary school age,Total,2018,46.400002,,%,,,,,,,,MICS 2018,,,,,,Total
Jordan,Completion rate for adolescents of lower secondary school age,Female,2018,87.788094,,%,,,,,,,,DHS 2017-18,,,,,,Total
Jordan,Completion rate for adolescents of lower secondary school age,Male,2018,86.219414,,%,,,,,,,,DHS 2017-18,,,,,,Total
Jordan,Completion rate for adolescents of lower secondary school age,Total,2018,86.989372,,%,,,,,,,,DHS 2017-18,,,,,,Total
Kazakhstan,Completion rate for adolescents of lower secondary school age,Female,2015,99.699997,,%,,,,,,,,MICS 2015,,,,,,Total
Kazakhstan,Completion rate for adolescents of lower secondary school age,Male,2015,99.800003,,%,,,,,,,,MICS 2015,,,,,,Total
Kazakhstan,Completion rate for adolescents of lower secondary school age,Total,2015,99.699997,,%,,,,,,,,MICS 2015,,,,,,Total
Kenya,Completion rate for adolescents of lower secondary school age,Female,2014,68.599998,,%,,,,,,,,DHS 2014,,,,,,Total
Kenya,Completion rate for adolescents of lower secondary school age,Male,2014,61.200001,,%,,,,,,,,DHS 2014,,,,,,Total
Kenya,Completion rate for adolescents of lower secondary school age,Total,2014,64.800003,,%,,,,,,,,DHS 2014,,,,,,Total
Kiribati,Completion rate for adolescents of lower secondary school age,Female,2019,88.421783,,%,,,,,,,,MICS 2018-19,,,,,,Total
Kiribati,Completion rate for adolescents of lower secondary school age,Male,2019,68.84079,,%,,,,,,,,MICS 2018-19,,,,,,Total
Kiribati,Completion rate for adolescents of lower secondary school age,Total,2019,78.095062,,%,,,,,,,,MICS 2018-19,,,,,,Total
Kosovo,Completion rate for adolescents of lower secondary school age,Female,2020,97.1,,%,,,,,,,,MICS 2019-20,,,,,,Total
Kosovo,Completion rate for adolescents of lower secondary school age,Male,2020,95.8,,%,,,,,,,,MICS 2019-20,,,,,,Total
Kosovo,Completion rate for adolescents of lower secondary school age,Total,2020,96.4,,%,,,,,,,,MICS 2019-20,,,,,,Total
Kyrgyzstan,Completion rate for adolescents of lower secondary school age,Female,2018,98.900002,,%,,,,,,,,MICS 2018,,,,,,Total
Kyrgyzstan,Completion rate for adolescents of lower secondary school age,Male,2018,99,,%,,,,,,,,MICS 2018,,,,,,Total
Kyrgyzstan,Completion rate for adolescents of lower secondary school age,Total,2018,98.900002,,%,,,,,,,,MICS 2018,,,,,,Total
Lao People's Democratic Republic,Completion rate for adolescents of lower secondary school age,Female,2017,52.8792,,%,,,,,,,,MIC 2017,,,,,,Total
Lao People's Democratic Republic,Completion rate for adolescents of lower secondary school age,Male,2017,54.212349,,%,,,,,,,,MIC 2017,,,,,,Total
Lao People's Democratic Republic,Completion rate for adolescents of lower secondary school age,Total,2017,53.540642,,%,,,,,,,,MIC 2017,,,,,,Total
Latin America and Caribbean,Completion rate for adolescents of lower secondary school age,Female,2022,83.898251,,%,,,,,,,,UNICEF Global Database,,,,,,Total
Latin America and Caribbean,Completion rate for adolescents of lower secondary school age,Male,2022,78.736297,,%,,,,,,,,UNICEF Global Database,,,,,,Total
Latin America and Caribbean,Completion rate for adolescents of lower secondary school age,Total,2022,81.29313,,%,,,,,,,,UNICEF Global Database,,,,,,Total
Least developed countries,Completion rate for adolescents of lower secondary school age,Female,2022,34.117514,,%,,,,,,,,UNICEF Global Database,,,,,,Total
Least developed countries,Completion rate for adolescents of lower secondary school age,Male,2022,36.496841,,%,,,,,,,,UNICEF Global Database,,,,,,Total
Least developed countries,Completion rate for adolescents of lower secondary school age,Total,2022,35.153719,,%,,,,,,,,UNICEF Global Database,,,,,,Total
Lesotho,Completion rate for adolescents of lower secondary school age,Female,2018,54.900002,,%,,,,,,,,MICS 2018,,,,,,Total
Lesotho,Completion rate for adolescents of lower secondary school age,Male,2018,33.400002,,%,,,,,,,,MICS 2018,,,,,,Total
Lesotho,Completion rate for adolescents of lower secondary school age,Total,2018,44.299999,,%,,,,,,,,MICS 2018,,,,,,Total
Liberia,Completion rate for adolescents of lower secondary school age,Female,2013,23.4,,%,,,,,,,,DHS 2013,,,,,,Total
Liberia,Completion rate for adolescents of lower secondary school age,Male,2013,29,,%,,,,,,,,DHS 2013,,,,,,Total
Liberia,Completion rate for adolescents of lower secondary school age,Total,2013,26.1,,%,,,,,,,,DHS 2013,,,,,,Total
Madagascar,Completion rate for adolescents of lower secondary school age,Female,2018,26.5,,%,,,,,,,,MICS 2018,,,,,,Total
Madagascar,Completion rate for adolescents of lower secondary school age,Male,2018,26.1,,%,,,,,,,,MICS 2018,,,,,,Total
Madagascar,Completion rate for adolescents of lower secondary school age,Total,2018,26.4,,%,,,,,,,,MICS 2018,,,,,,Total
Malawi,Completion rate for adolescents of lower secondary school age,Female,2016,21.299999,,%,,,,,,,,DHS 2015-16,,,,,,Total
Malawi,Completion rate for adolescents of lower secondary school age,Male,2016,23.1,,%,,,,,,,,DHS 2015-16,,,,,,Total
Malawi,Completion rate for adolescents of lower secondary school age,Total,2016,22.200001,,%,,,,,,,,DHS 2015-16,,,,,,Total
Mali,Completion rate for adolescents of lower secondary school age,Female,2015,25.1,,%,,,,,,,,MICS 2015,,,,,,Total
Mali,Completion rate for adolescents of lower secondary school age,Male,2015,35.799999,,%,,,,,,,,MICS 2015,,,,,,Total
Mali,Completion rate for adolescents of lower secondary school age,Total,2015,30.299999,,%,,,,,,,,MICS 2015,,,,,,Total
Mauritania,Completion rate for adolescents of lower secondary school age,Female,2015,40.193409,,%,,,,,,,,MICS 2015,,,,,,Total
Mauritania,Completion rate for adolescents of lower secondary school age,Male,2015,53.450909,,%,,,,,,,,MICS 2015,,,,,,Total
Mauritania,Completion rate for adolescents of lower secondary school age,Total,2015,45.948299,,%,,,,,,,,MICS 2015,,,,,,Total
Mexico,Completion rate for adolescents of lower secondary school age,Female,2018,89.699997,,%,,,,,,,,ENIGH 2018,,,,,,Total
Mexico,Completion rate for adolescents of lower secondary school age,Male,2018,87.400002,,%,,,,,,,,ENIGH 2018,,,,,,Total
Mexico,Completion rate for adolescents of lower secondary school age,Total,2018,88.599998,,%,,,,,,,,ENIGH 2018,,,,,,Total
Middle East and North Africa,Completion rate for adolescents of lower secondary school age,Female,2022,69.697806,,%,,,,,,,,UNICEF Global Database,,,,,,Total
Middle East and North Africa,Completion rate for adolescents of lower secondary school age,Male,2022,66.488553,,%,,,,,,,,UNICEF Global Database,,,,,,Total
Middle East and North Africa,Completion rate for adolescents of lower secondary school age,Total,2022,67.928842,,%,,,,,,,,UNICEF Global Database,,,,,,Total
Mongolia,Completion rate for adolescents of lower secondary school age,Female,2014,93.007698,,%,,,,,,,,MICS 2013-14,,,,,,Total
Mongolia,Completion rate for adolescents of lower secondary school age,Male,2014,87.101227,,%,,,,,,,,MICS 2013-14,,,,,,Total
Mongolia,Completion rate for adolescents of lower secondary school age,Total,2014,89.729523,,%,,,,,,,,MICS 2013-14,,,,,,Total
Montenegro,Completion rate for adolescents of lower secondary school age,Female,2018,96.706291,,%,,,,,,,,MICS 2018,,,,,,Total
Montenegro,Completion rate for adolescents of lower secondary school age,Male,2018,92.71048,,%,,,,,,,,MICS 2018,,,,,,Total
Montenegro,Completion rate for adolescents of lower secondary school age,Total,2018,94.674019,,%,,,,,,,,MICS 2018,,,,,,Total
Myanmar,Completion rate for adolescents of lower secondary school age,Female,2015,45.01395,,%,,,,,,,,DHS 2015,,,,,,Total
Myanmar,Completion rate for adolescents of lower secondary school age,Male,2015,44.584648,,%,,,,,,,,DHS 2015,,,,,,Total
Myanmar,Completion rate for adolescents of lower secondary school age,Total,2015,44.812,,%,,,,,,,,DHS 2015,,,,,,Total
Namibia,Completion rate for adolescents of lower secondary school age,Female,2013,62.299999,,%,,,,,,,,DHS 2013,,,,,,Total
Namibia,Completion rate for adolescents of lower secondary school age,Male,2013,48.099998,,%,,,,,,,,DHS 2013,,,,,,Total
Namibia,Completion rate for adolescents of lower secondary school age,Total,2013,55.700001,,%,,,,,,,,DHS 2013,,,,,,Total
Nepal,Completion rate for adolescents of lower secondary school age,Female,2019,75.146141,,%,,,,,,,,MICS 2019,,,,,,Total
Nepal,Completion rate for adolescents of lower secondary school age,Male,2019,70.904846,,%,,,,,,,,MICS 2019,,,,,,Total
Nepal,Completion rate for adolescents of lower secondary school age,Total,2019,73.09626,,%,,,,,,,,MICS 2019,,,,,,Total
Niger,Completion rate for adolescents of lower secondary school age,Female,2012,3.557374,,%,,,,,,,,DHS 2012,,,,,,Total
Niger,Completion rate for adolescents of lower secondary school age,Male,2012,10.348,,%,,,,,,,,DHS 2012,,,,,,Total
Niger,Completion rate for adolescents of lower secondary school age,Total,2012,5.8079791,,%,,,,,,,,DHS 2012,,,,,,Total
Nigeria,Completion rate for adolescents of lower secondary school age,Female,2018,59.299999,,%,,,,,,,,DHS 2018,,,,,,Total
Nigeria,Completion rate for adolescents of lower secondary school age,Male,2018,66.199997,,%,,,,,,,,DHS 2018,,,,,,Total
Nigeria,Completion rate for adolescents of lower secondary school age,Total,2018,62.599998,,%,,,,,,,,DHS 2018,,,,,,Total
North Macedonia,Completion rate for adolescents of lower secondary school age,Female,2019,95.038696,,%,,,,,,,,MICS 2018-19,,,,,,Total
North Macedonia,Completion rate for adolescents of lower secondary school age,Male,2019,93.065826,,%,,,,,,,,MICS 2018-19,,,,,,Total
North Macedonia,Completion rate for adolescents of lower secondary school age,Total,2019,93.983742,,%,,,,,,,,MICS 2018-19,,,,,,Total
Pakistan,Completion rate for adolescents of lower secondary school age,Female,2018,44.622398,,%,,,,,,,,DHS 2017-18,,,,,,Total
Pakistan,Completion rate for adolescents of lower secondary school age,Male,2018,54.69294,,%,,,,,,,,DHS 2017-18,,,,,,Total
Pakistan,Completion rate for adolescents of lower secondary school age,Total,2018,49.58477,,%,,,,,,,,DHS 2017-18,,,,,,Total
Panama,Completion rate for adolescents of lower secondary school age,Female,2013,80.599998,,%,,,,,,,,MICS 2013,,,,,,Total
Panama,Completion rate for adolescents of lower secondary school age,Male,2013,75,,%,,,,,,,,MICS 2013,,,,,,Total
Panama,Completion rate for adolescents of lower secondary school age,Total,2013,77.5,,%,,,,,,,,MICS 2013,,,,,,Total
Paraguay,Completion rate for adolescents of lower secondary school age,Female,2017,79.199997,,%,,,,,,,,Encuesta Permanente de Hogares 2017,,,,,,Total
Paraguay,Completion rate for adolescents of lower secondary school age,Male,2017,80.599998,,%,,,,,,,,Encuesta Permanente de Hogares 2017,,,,,,Total
Paraguay,Completion rate for adolescents of lower secondary school age,Total,2017,80,,%,,,,,,,,Encuesta Permanente de Hogares 2017,,,,,,Total
Peru,Completion rate for adolescents of lower secondary school age,Female,2012,82.599998,,%,,,,,,,,DHS 2012,,,,,,Total
Peru,Completion rate for adolescents of lower secondary school age,Male,2012,82.599998,,%,,,,,,,,DHS 2012,,,,,,Total
Peru,Completion rate for adolescents of lower secondary school age,Total,2012,82.599998,,%,,,,,,,,DHS 2012,,,,,,Total
Philippines,Completion rate for adolescents of lower secondary school age,Female,2017,87.705872,,%,,,,,,,,DHS 2017,,,,,,Total
Philippines,Completion rate for adolescents of lower secondary school age,Male,2017,75.163803,,%,,,,,,,,DHS 2017,,,,,,Total
Philippines,Completion rate for adolescents of lower secondary school age,Total,2017,81.121292,,%,,,,,,,,DHS 2017,,,,,,Total
Republic of Moldova,Completion rate for adolescents of lower secondary school age,Female,2012,97.864143,,%,,,,,,,,MICS 2012,,,,,,Total
Republic of Moldova,Completion rate for adolescents of lower secondary school age,Male,2012,95.076752,,%,,,,,,,,MICS 2012,,,,,,Total
Republic of Moldova,Completion rate for adolescents of lower secondary school age,Total,2012,96.520393,,%,,,,,,,,MICS 2012,,,,,,Total
Rwanda,Completion rate for adolescents of lower secondary school age,Female,2015,30.1,,%,,,,,,,,DHS 2014-15,,,,,,Total
Rwanda,Completion rate for adolescents of lower secondary school age,Male,2015,25.299999,,%,,,,,,,,DHS 2014-15,,,,,,Total
Rwanda,Completion rate for adolescents of lower secondary school age,Total,2015,27.9,,%,,,,,,,,DHS 2014-15,,,,,,Total
Saint Lucia,Completion rate for adolescents of lower secondary school age,Female,2012,98.143753,,%,,,,,,,,MICS 2012,,,,,,Total
Saint Lucia,Completion rate for adolescents of lower secondary school age,Male,2012,85.487099,,%,,,,,,,,MICS 2012,,,,,,Total
Saint Lucia,Completion rate for adolescents of lower secondary school age,Total,2012,91.810768,,%,,,,,,,,MICS 2012,,,,,,Total
Samoa,Completion rate for adolescents of lower secondary school age,Female,2020,98.815933,,%,,,,,,,,MICS 2019-20,,,,,,Total
Samoa,Completion rate for adolescents of lower secondary school age,Male,2020,94.845192,,%,,,,,,,,MICS 2019-20,,,,,,Total
Samoa,Completion rate for adolescents of lower secondary school age,Total,2020,96.769867,,%,,,,,,,,MICS 2019-20,,,,,,Total
Sao Tome and Principe,Completion rate for adolescents of lower secondary school age,Female,2019,59.841751,,%,,,,,,,,MICS 2019,,,,,,Total
Sao Tome and Principe,Completion rate for adolescents of lower secondary school age,Male,2019,59.974682,,%,,,,,,,,MICS 2019,,,,,,Total
Sao Tome and Principe,Completion rate for adolescents of lower secondary school age,Total,2019,59.905949,,%,,,,,,,,MICS 2019,,,,,,Total
Senegal,Completion rate for adolescents of lower secondary school age,Female,2019,30.465969,,%,,,,,,,,DHS 2019,,,,,,Total
Senegal,Completion rate for adolescents of lower secondary school age,Male,2019,27.397011,,%,,,,,,,,DHS 2019,,,,,,Total
Senegal,Completion rate for adolescents of lower secondary school age,Total,2019,29.03483,,%,,,,,,,,DHS 2019,,,,,,Total
Serbia,Completion rate for adolescents of lower secondary school age,Female,2019,99.466476,,%,,,,,,,,MICS 2019,,,,,,Total
Serbia,Completion rate for adolescents of lower secondary school age,Male,2019,99.579712,,%,,,,,,,,MICS 2019,,,,,,Total
Serbia,Completion rate for adolescents of lower secondary school age,Total,2019,99.528503,,%,,,,,,,,MICS 2019,,,,,,Total
Sierra Leone,Completion rate for adolescents of lower secondary school age,Female,2017,41.900002,,%,,,,,,,,MICS 2017,,,,,,Total
Sierra Leone,Completion rate for adolescents of lower secondary school age,Male,2017,47.299999,,%,,,,,,,,MICS 2017,,,,,,Total
Sierra Leone,Completion rate for adolescents of lower secondary school age,Total,2017,44.200001,,%,,,,,,,,MICS 2017,,,,,,Total
South Africa,Completion rate for adolescents of lower secondary school age,Female,2016,91.388313,,%,,,,,,,,DHS 2016,,,,,,Total
South Africa,Completion rate for adolescents of lower secondary school age,Male,2016,85.417801,,%,,,,,,,,DHS 2016,,,,,,Total
South Africa,Completion rate for adolescents of lower secondary school age,Total,2016,88.452599,,%,,,,,,,,DHS 2016,,,,,,Total
South Asia,Completion rate for adolescents of lower secondary school age,Female,2022,72.326673,,%,,,,,,,,UNICEF Global Database,,,,,,Total
South Asia,Completion rate for adolescents of lower secondary school age,Male,2022,75.795796,,%,,,,,,,,UNICEF Global Database,,,,,,Total
South Asia,Completion rate for adolescents of lower secondary school age,Total,2022,74.042451,,%,,,,,,,,UNICEF Global Database,,,,,,Total
Sri Lanka,Completion rate for adolescents of lower secondary school age,Female,2016,96.285141,,%,,,,,,,,DHS 2016,,,,,,Total
Sri Lanka,Completion rate for adolescents of lower secondary school age,Male,2016,93.983772,,%,,,,,,,,DHS 2016,,,,,,Total
Sri Lanka,Completion rate for adolescents of lower secondary school age,Total,2016,95.144829,,%,,,,,,,,DHS 2016,,,,,,Total
State of Palestine,Completion rate for adolescents of lower secondary school age,Female,2020,94.497688,,%,,,,,,,,MICS 2019-20,,,,,,Total
State of Palestine,Completion rate for adolescents of lower secondary school age,Male,2020,77.841087,,%,,,,,,,,MICS 2019-20,,,,,,Total
State of Palestine,Completion rate for adolescents of lower secondary school age,Total,2020,86.03743,,%,,,,,,,,MICS 2019-20,,,,,,Total
Sub-Saharan Africa,Completion rate for adolescents of lower secondary school age,Female,2022,36.536789,,%,,,,,,,,UNICEF Global Database,,,,,,Total
Sub-Saharan Africa,Completion rate for adolescents of lower secondary school age,Male,2022,40.185359,,%,,,,,,,,UNICEF Global Database,,,,,,Total
Sub-Saharan Africa,Completion rate for adolescents of lower secondary school age,Total,2022,38.196439,,%,,,,,,,,UNICEF Global Database,,,,,,Total
Sudan,Completion rate for adolescents of lower secondary school age,Female,2014,51.969711,,%,,,,,,,,MICS 2014,,,,,,Total
Sudan,Completion rate for adolescents of lower secondary school age,Male,2014,48.777988,,%,,,,,,,,MICS 2014,,,,,,Total
Sudan,Completion rate for adolescents of lower secondary school age,Total,2014,50.347809,,%,,,,,,,,MICS 2014,,,,,,Total
Suriname,Completion rate for adolescents of lower secondary school age,Female,2018,57.911049,,%,,,,,,,,MICS 2018,,,,,,Total
Suriname,Completion rate for adolescents of lower secondary school age,Male,2018,41.0797,,%,,,,,,,,MICS 2018,,,,,,Total
Suriname,Completion rate for adolescents of lower secondary school age,Total,2018,49.374489,,%,,,,,,,,MICS 2018,,,,,,Total
Tajikistan,Completion rate for adolescents of lower secondary school age,Female,2017,93.454407,,%,,,,,,,,DHS 2017,,,,,,Total
Tajikistan,Completion rate for adolescents of lower secondary school age,Male,2017,95.354698,,%,,,,,,,,DHS 2017,,,,,,Total
Tajikistan,Completion rate for adolescents of lower secondary school age,Total,2017,94.18676,,%,,,,,,,,DHS 2017,,,,,,Total
Thailand,Completion rate for adolescents of lower secondary school age,Female,2019,91.866524,,%,,,,,,,,MICS 2019,,,,,,Total
Thailand,Completion rate for adolescents of lower secondary school age,Male,2019,81.120529,,%,,,,,,,,MICS 2019,,,,,,Total
Thailand,Completion rate for adolescents of lower secondary school age,Total,2019,86.207672,,%,,,,,,,,MICS 2019,,,,,,Total
Timor-Leste,Completion rate for adolescents of lower secondary school age,Female,2016,69.677132,,%,,,,,,,,DHS 2016,,,,,,Total
Timor-Leste,Completion rate for adolescents of lower secondary school age,Male,2016,62.577942,,%,,,,,,,,DHS 2016,,,,,,Total
Timor-Leste,Completion rate for adolescents of lower secondary school age,Total,2016,66.03978,,%,,,,,,,,DHS 2016,,,,,,Total
Togo,Completion rate for adolescents of lower secondary school age,Female,2017,39.109959,,%,,,,,,,,MICS 2017,,,,,,Total
Togo,Completion rate for adolescents of lower secondary school age,Male,2017,54.922668,,%,,,,,,,,MICS 2017,,,,,,Total
Togo,Completion rate for adolescents of lower secondary school age,Total,2017,47.39201,,%,,,,,,,,MICS 2017,,,,,,Total
Tonga,Completion rate for adolescents of lower secondary school age,Female,2019,76.237907,,%,,,,,,,,MICS 2019,,,,,,Total
Tonga,Completion rate for adolescents of lower secondary school age,Male,2019,65.175346,,%,,,,,,,,MICS 2019,,,,,,Total
Tonga,Completion rate for adolescents of lower secondary school age,Total,2019,70.879173,,%,,,,,,,,MICS 2019,,,,,,Total
Tunisia,Completion rate for adolescents of lower secondary school age,Female,2018,80.199997,,%,,,,,,,,MICS 2018,,,,,,Total
Tunisia,Completion rate for adolescents of lower secondary school age,Male,2018,68.400002,,%,,,,,,,,MICS 2018,,,,,,Total
Tunisia,Completion rate for adolescents of lower secondary school age,Total,2018,74.199997,,%,,,,,,,,MICS 2018,,,,,,Total
Turkmenistan,Completion rate for adolescents of lower secondary school age,Female,2019,98.907791,,%,,,,,,,,MICS 2019,,,,,,Total
Turkmenistan,Completion rate for adolescents of lower secondary school age,Male,2019,99.13308,,%,,,,,,,,MICS 2019,,,,,,Total
Turkmenistan,Completion rate for adolescents of lower secondary school age,Total,2019,98.990723,,%,,,,,,,,MICS 2019,,,,,,Total
Turks and Caicos Islands,Completion rate for adolescents of lower secondary school age,Female,2020,100,,%,,,,,,,,MICS 2019-20,,,,,,Total
Turks and Caicos Islands,Completion rate for adolescents of lower secondary school age,Male,2020,98.086662,,%,,,,,,,,MICS 2019-20,,,,,,Total
Turks and Caicos Islands,Completion rate for adolescents of lower secondary school age,Total,2020,98.842407,,%,,,,,,,,MICS 2019-20,,,,,,Total
Tuvalu,Completion rate for adolescents of lower secondary school age,Female,2020,91.400688,,%,,,,,,,,MICS 2019-20,,,,,,Total
Tuvalu,Completion rate for adolescents of lower secondary school age,Male,2020,73.991791,,%,,,,,,,,MICS 2019-20,,,,,,Total
Tuvalu,Completion rate for adolescents of lower secondary school age,Total,2020,81.838333,,%,,,,,,,,MICS 2019-20,,,,,,Total
Türkiye,Completion rate for adolescents of lower secondary school age,Female,2013,91.654053,,%,,,,,,,,DHS style 2013,,,,,,Total
Türkiye,Completion rate for adolescents of lower secondary school age,Male,2013,96.089897,,%,,,,,,,,DHS style 2013,,,,,,Total
Türkiye,Completion rate for adolescents of lower secondary school age,Total,2013,93.942863,,%,,,,,,,,DHS style 2013,,,,,,Total
Uganda,Completion rate for adolescents of lower secondary school age,Female,2016,23.32485,,%,,,,,,,,DHS 2016,,,,,,Total
Uganda,Completion rate for adolescents of lower secondary school age,Male,2016,26.85548,,%,,,,,,,,DHS 2016,,,,,,Total
Uganda,Completion rate for adolescents of lower secondary school age,Total,2016,24.91172,,%,,,,,,,,DHS 2016,,,,,,Total
Ukraine,Completion rate for adolescents of lower secondary school age,Female,2012,99.599998,,%,,,,,,,,MICS 2012,,,,,,Total
Ukraine,Completion rate for adolescents of lower secondary school age,Male,2012,99.599998,,%,,,,,,,,MICS 2012,,,,,,Total
Ukraine,Completion rate for adolescents of lower secondary school age,Total,2012,99.599998,,%,,,,,,,,MICS 2012,,,,,,Total
United Republic of Tanzania,Completion rate for adolescents of lower secondary school age,Female,2015,26.700001,,%,,,,,,,,DHS 2015,,,,,,Total
United Republic of Tanzania,Completion rate for adolescents of lower secondary school age,Male,2015,30.9,,%,,,,,,,,DHS 2015,,,,,,Total
United Republic of Tanzania,Completion rate for adolescents of lower secondary school age,Total,2015,28.6,,%,,,,,,,,DHS 2015,,,,,,Total
Uruguay,Completion rate for adolescents of lower secondary school age,Female,2013,72.569328,,%,,,,,,,,MICS 2012-13,,,,,,Total
Uruguay,Completion rate for adolescents of lower secondary school age,Male,2013,65.631592,,%,,,,,,,,MICS 2012-13,,,,,,Total
Uruguay,Completion rate for adolescents of lower secondary school age,Total,2013,68.528961,,%,,,,,,,,MICS 2012-13,,,,,,Total
Viet Nam,Completion rate for adolescents of lower secondary school age,Female,2014,86.599998,,%,,,,,,,,MICS 2014,,,,,,Total
Viet Nam,Completion rate for adolescents of lower secondary school age,Male,2014,80.900002,,%,,,,,,,,MICS 2014,,,,,,Total
Viet Nam,Completion rate for adolescents of lower secondary school age,Total,2014,83.699997,,%,,,,,,,,MICS 2014,,,,,,Total
West and Central Africa,Completion rate for adolescents of lower secondary school age,Female,2022,39.984828,,%,,,,,,,,UNICEF Global Database,,,,,,Total
West and Central Africa,Completion rate for adolescents of lower secondary school age,Male,2022,47.158108,,%,,,,,,,,UNICEF Global Database,,,,,,Total
West and Central Africa,Completion rate for adolescents of lower secondary school age,Total,2022,43.287231,,%,,,,,,,,UNICEF Global Database,,,,,,Total
World,Completion rate for adolescents of lower secondary school age,Female,2022,69.100017,,%,,,,,,,,UNICEF Global Database,,,,,,Total
World,Completion rate for adolescents of lower secondary school age,Male,2022,70.484862,,%,,,,,,,,UNICEF Global Database,,,,,,Total
World,Completion rate for adolescents of lower secondary school age,Total,2022,69.757032,,%,,,,,,,,UNICEF Global Database,,,,,,Total
Yemen,Completion rate for adolescents of lower secondary school age,Female,2013,39.299999,,%,,,,,,,,DHS 2013,,,,,,Total
Yemen,Completion rate for adolescents of lower secondary school age,Male,2013,54.5,,%,,,,,,,,DHS 2013,,,,,,Total
Yemen,Completion rate for adolescents of lower secondary school age,Total,2013,46.299999,,%,,,,,,,,DHS 2013,,,,,,Total
Zambia,Completion rate for adolescents of lower secondary school age,Female,2018,49.609348,,%,,,,,,,,DHS 2018,,,,,,Total
Zambia,Completion rate for adolescents of lower secondary school age,Male,2018,54.051868,,%,,,,,,,,DHS 2018,,,,,,Total
Zambia,Completion rate for adolescents of lower secondary school age,Total,2018,51.646271,,%,,,,,,,,DHS 2018,,,,,,Total
Zimbabwe,Completion rate for adolescents of lower secondary school age,Female,2019,52.900002,,%,,,,,,,,MICS 2019,,,,,,Total
Zimbabwe,Completion rate for adolescents of lower secondary school age,Male,2019,44.5,,%,,,,,,,,MICS 2019,,,,,,Total
Zimbabwe,Completion rate for adolescents of lower secondary school age,Total,2019,48.599998,,%,,,,,,,,MICS 2019,,,,,,Total
,,,,,,,,,,,,,,,,,,,,
