clean,,,,,,,,
Afghanistan,Afghanistan,,,Afghanistan,Afghanistan,,,TRUE
Afghanistan,Afghanistan,,,Angola,Angola,,,TRUE
Afghanistan,Afghanistan,,,Albania,Albania,,,TRUE
Afghanistan,Afghanistan,,,Argentina,Argentina,,,TRUE
Afghanistan,Afghanistan,,,Armenia,Armenia,,,TRUE
Afghanistan,Afghanistan,,,Burundi,Burundi,,,TRUE
Afghanistan,Afghanistan,,,Benin,Benin,,,TRUE
Afghanistan,Afghanistan,,,Bangladesh,Bangladesh,,,TRUE
Afghanistan,Afghanistan,,,Bosnia and Herzegovina,Bosnia and Herzegovina,,,TRUE
Afghanistan,Afghanistan,,,Belarus,Belarus,,,TRUE
Angola,Angola,,,Belize,Belize,,,TRUE
Angola,Angola,,,Bolivia (Plurinational State of),Bolivia (Plurinational State of),,,TRUE
Angola,Angola,,,Brazil,Brazil,,,TRUE
Angola,Angola,,,Botswana,Barbados,,,TRUE
Angola,Angola,,,Central African Republic,Botswana,,,TRUE
Angola,Angola,,,Chile,Central African Republic,,,TRUE
Angola,Angola,,,China,Chile,,,TRUE
Angola,Angola,,,Côte d'Ivoire,China,,,TRUE
Angola,Angola,,,Cameroon,Côte d'Ivoire,,,TRUE
Angola,Angola,,,Democratic Republic of the Congo,Cameroon,,,TRUE
Albania,Albania,,,Congo,Democratic Republic of the Congo,,,TRUE
Albania,Albania,,,Colombia,Congo,,,TRUE
Albania,Albania,,,Comoros,Colombia,,,TRUE
Albania,Albania,,,Costa Rica,Comoros,,,TRUE
Albania,Albania,,,Cuba,Costa Rica,,,TRUE
Albania,Albania,,,Dominican Republic,Cuba,,,TRUE
Albania,Albania,,,Algeria,Dominican Republic,,,TRUE
Albania,Albania,,,Ecuador,Algeria,,,TRUE
Albania,Albania,,,Egypt,Ecuador,,,TRUE
Albania,Albania,,,Ethiopia,Egypt,,,TRUE
Argentina,Argentina,,,Gabon,Ethiopia,,,TRUE
Argentina,Argentina,,,Georgia,Gabon,,,TRUE
Argentina,Argentina,,,Ghana,Georgia,,,TRUE
Argentina,Argentina,,,Guinea,Ghana,,,TRUE
Argentina,Argentina,,,Gambia,Guinea,,,TRUE
Argentina,Argentina,,,Guinea-Bissau,Gambia,,,TRUE
Argentina,Argentina,,,Guatemala,Guinea-Bissau,,,TRUE
Argentina,Argentina,,,Guyana,Guatemala,,,TRUE
Armenia,Armenia,,,Honduras,Guyana,,,TRUE
Armenia,Armenia,,,Haiti,Honduras,,,TRUE
Armenia,Armenia,,,Indonesia,Haiti,,,TRUE
Armenia,Armenia,,,India,Indonesia,,,TRUE
Armenia,Armenia,,,Iraq,India,,,TRUE
Armenia,Armenia,,,Jordan,Iraq,,,TRUE
Armenia,Armenia,,,Kazakhstan,Jordan,,,TRUE
Armenia,Armenia,,,Kenya,Kazakhstan,,,TRUE
Armenia,Armenia,,,Kyrgyzstan,Kenya,,,TRUE
Armenia,Armenia,,,Cambodia,Kyrgyzstan,,,TRUE
Burundi,Burundi,,,Kiribati,Cambodia,,,TRUE
Burundi,Burundi,,,Liberia,Kiribati,,,TRUE
Burundi,Burundi,,,Saint Lucia,Lao People's Democratic Republic,,,TRUE
Burundi,Burundi,,,Sri Lanka,Liberia,,,TRUE
Burundi,Burundi,,,Lesotho,Saint Lucia,,,TRUE
Burundi,Burundi,,,Republic of Moldova,Sri Lanka,,,TRUE
Burundi,Burundi,,,Madagascar,Lesotho,,,TRUE
Burundi,Burundi,,,Mexico,Republic of Moldova,,,TRUE
Burundi,Burundi,,,North Macedonia,Madagascar,,,TRUE
Burundi,Burundi,,,Mali,Mexico,,,TRUE
Benin,Benin,,,Myanmar,North Macedonia,,,TRUE
Benin,Benin,,,Montenegro,Mali,,,TRUE
Benin,Benin,,,Mongolia,Myanmar,,,TRUE
Benin,Benin,,,Mauritania,Montenegro,,,TRUE
Benin,Benin,,,Malawi,Mongolia,,,TRUE
Benin,Benin,,,Namibia,Mauritania,,,TRUE
Benin,Benin,,,Niger,Malawi,,,TRUE
Benin,Benin,,,Nigeria,Namibia,,,TRUE
Benin,Benin,,,Nepal,Niger,,,TRUE
Benin,Benin,,,Pakistan,Nigeria,,,TRUE
Bangladesh,Bangladesh,,,Panama,Nepal,,,TRUE
Bangladesh,Bangladesh,,,Peru,Pakistan,,,TRUE
Bangladesh,Bangladesh,,,Philippines,Panama,,,TRUE
Bangladesh,Bangladesh,,,Democratic People's Republic of Korea,Peru,,,TRUE
Bangladesh,Bangladesh,,,Paraguay,Philippines,,,TRUE
Bangladesh,Bangladesh,,,State of Palestine,Democratic People's Republic of Korea,,,TRUE
Bangladesh,Bangladesh,,,Rwanda,Paraguay,,,TRUE
Bangladesh,Bangladesh,,,Sudan,State of Palestine,,,TRUE
Bangladesh,Bangladesh,,,Senegal,Rwanda,,,TRUE
Bangladesh,Bangladesh,,,Sierra Leone,Sudan,,,TRUE
Bosnia and Herzegovina,Bosnia and Herzegovina,,,El Salvador,Senegal,,,TRUE
Bosnia and Herzegovina,Bosnia and Herzegovina,,,Serbia,Sierra Leone,,,TRUE
Bosnia and Herzegovina,Bosnia and Herzegovina,,,Sao Tome and Principe,El Salvador,,,TRUE
Bosnia and Herzegovina,Bosnia and Herzegovina,,,Suriname,Serbia,,,TRUE
Bosnia and Herzegovina,Bosnia and Herzegovina,,,Eswatini,Sao Tome and Principe,,,TRUE
Bosnia and Herzegovina,Bosnia and Herzegovina,,,Turks and Caicos Islands,Suriname,,,TRUE
Bosnia and Herzegovina,Bosnia and Herzegovina,,,Chad,Eswatini,,,TRUE
Bosnia and Herzegovina,Bosnia and Herzegovina,,,Togo,Turks and Caicos Islands,,,TRUE
Bosnia and Herzegovina,Bosnia and Herzegovina,,,Thailand,Chad,,,TRUE
Bosnia and Herzegovina,Bosnia and Herzegovina,,,Tajikistan,Togo,,,TRUE
Belarus,Belarus,,,Turkmenistan,Thailand,,,TRUE
Belarus,Belarus,,,Timor-Leste,Tajikistan,,,TRUE
Belarus,Belarus,,,Tonga,Turkmenistan,,,TRUE
Belarus,Belarus,,,Tunisia,Timor-Leste,,,TRUE
Belarus,Belarus,,,Türkiye,Tonga,,,TRUE
Belize,Belarus,,,Tuvalu,Tunisia,,,TRUE
Belize,Belarus,,,United Republic of Tanzania,Türkiye,,,TRUE
Belize,Belarus,,,Uganda,Tuvalu,,,TRUE
Belize,Belarus,,,Ukraine,United Republic of Tanzania,,,TRUE
Belize,Belarus,,,Uruguay,Uganda,,,TRUE
Belize,Belize,,,Viet Nam,Ukraine,,,TRUE
Bolivia (Plurinational State of),Belize,,,Samoa,East Asia and Pacific,,,FALSE
Bolivia (Plurinational State of),Belize,,,Yemen,Eastern Europe and Central Asia,,,FALSE
Bolivia (Plurinational State of),Belize,,,South Africa,Eastern and Southern Africa,,,FALSE
Bolivia (Plurinational State of),Belize,,,Zambia,Latin America and Caribbean,,,FALSE
Bolivia (Plurinational State of),Belize,,,Zimbabwe,Middle East and North Africa,,,FALSE
Brazil,Belize,,,Kosovo,South Asia,,,FALSE
Brazil,Belize,,,Barbados,Sub-Saharan Africa,,,FALSE
Brazil,Belize,,,Lao People's Democratic Republic,West and Central Africa,,,FALSE
Brazil,Belize,,,Anguilla,Least developed countries,,,FALSE
Brazil,Bolivia (Plurinational State of),,,Antigua and Barbuda,Uruguay,,,TRUE
Brazil,Bolivia (Plurinational State of),,,Australia,Viet Nam,,,TRUE
Brazil,Bolivia (Plurinational State of),,,Austria,World,,,FALSE
Brazil,Bolivia (Plurinational State of),,,Azerbaijan,Samoa,,,TRUE
Brazil,Bolivia (Plurinational State of),,,Bahrain,Yemen,,,TRUE
Brazil,Brazil,,,Belgium,South Africa,,,TRUE
Botswana,Brazil,,,Bhutan,Zambia,,,TRUE
Central African Republic,Brazil,,,British Virgin Islands,Zimbabwe,,,TRUE
Central African Republic,Brazil,,,Brunei Darussalam,Kosovo,,,TRUE
Central African Republic,Brazil,,,Bulgaria,Anguilla,,,TRUE
Chile,Brazil,,,Burkina Faso,Antigua and Barbuda,,,TRUE
Chile,Brazil,,,Cabo Verde,Australia,,,TRUE
Chile,Brazil,,,Canada,Austria,,,TRUE
Chile,Brazil,,,Cook Islands,Azerbaijan,,,TRUE
China,Brazil,,,Cyprus,Bahrain,,,TRUE
China,Barbados,,,Czechia,Belgium,,,TRUE
Côte d'Ivoire,Barbados,,,Denmark,Bhutan,,,TRUE
Côte d'Ivoire,Barbados,,,Djibouti,British Virgin Islands,,,TRUE
Côte d'Ivoire,Barbados,,,Dominica,Brunei Darussalam,,,TRUE
Côte d'Ivoire,Barbados,,,Estonia,Bulgaria,,,TRUE
Côte d'Ivoire,Barbados,,,Fiji,Burkina Faso,,,TRUE
Côte d'Ivoire,Barbados,,,Finland,Cabo Verde,,,TRUE
Côte d'Ivoire,Barbados,,,France,Canada,,,TRUE
Côte d'Ivoire,Barbados,,,Germany,Cook Islands,,,TRUE
Cameroon,Barbados,,,Grenada,Croatia,,,TRUE
Cameroon,Botswana,,,Holy See,Cyprus,,,TRUE
Cameroon,Botswana,,,Hungary,Czechia,,,TRUE
Cameroon,Botswana,,,Iceland,Denmark,,,TRUE
Cameroon,Botswana,,,Iran (Islamic Republic of),Djibouti,,,TRUE
Cameroon,Botswana,,,Ireland,Dominica,,,TRUE
Cameroon,Central African Republic,,,Israel,Equatorial Guinea,,,FALSE
Cameroon,Central African Republic,,,Italy,Eritrea,,,TRUE
Democratic Republic of the Congo,Central African Republic,,,Jamaica,Estonia,,,TRUE
Democratic Republic of the Congo,Central African Republic,,,Kuwait,Europe and Central Asia,,,FALSE
Democratic Republic of the Congo,Central African Republic,,,Latvia,Fiji,,,TRUE
Democratic Republic of the Congo,Central African Republic,,,Liechtenstein,Finland,,,TRUE
Democratic Republic of the Congo,Central African Republic,,,Luxembourg,France,,,TRUE
Congo,Central African Republic,,,Maldives,Germany,,,TRUE
Congo,Central African Republic,,,Malta,Greece,,,TRUE
Congo,Central African Republic,,,Marshall Islands,Grenada,,,TRUE
Congo,Chile,,,Mauritius,Holy See,,,TRUE
Congo,Chile,,,Montserrat,Hungary,,,TRUE
Congo,Chile,,,Morocco,Iceland,,,TRUE
Congo,Chile,,,Mozambique,Iran (Islamic Republic of),,,TRUE
Congo,Chile,,,Nauru,Ireland,,,TRUE
Congo,China,,,Netherlands,Israel,,,TRUE
Congo,China,,,Norway,Italy,,,TRUE
Colombia,China,,,Oman,Jamaica,,,TRUE
Colombia,China,,,Papua New Guinea,Kuwait,,,TRUE
Colombia,China,,,Poland,Latvia,,,TRUE
Colombia,Côte d'Ivoire,,,Portugal,Liechtenstein,,,TRUE
Colombia,Côte d'Ivoire,,,Romania,Lithuania,,,TRUE
Colombia,Côte d'Ivoire,,,Russian Federation,Luxembourg,,,TRUE
Colombia,Côte d'Ivoire,,,Saint Kitts and Nevis,Malaysia,,,TRUE
Comoros,Côte d'Ivoire,,,Saint Vincent and the Grenadines,Maldives,,,TRUE
Comoros,Côte d'Ivoire,,,San Marino,Malta,,,TRUE
Comoros,Côte d'Ivoire,,,Saudi Arabia,Marshall Islands,,,TRUE
Comoros,Côte d'Ivoire,,,Seychelles,Mauritius,,,TRUE
Comoros,Côte d'Ivoire,,,Singapore,Micronesia (Federated States of),,,TRUE
Comoros,Côte d'Ivoire,,,Slovakia,Montserrat,,,TRUE
Comoros,Cameroon,,,Slovenia,Morocco,,,TRUE
Comoros,Cameroon,,,Solomon Islands,Mozambique,,,TRUE
Comoros,Cameroon,,,South Sudan,Nauru,,,TRUE
Comoros,Cameroon,,,Spain,Netherlands,,,TRUE
Costa Rica,Cameroon,,,United Kingdom,New Zealand,,,TRUE
Costa Rica,Cameroon,,,United States,North America,,,FALSE
Costa Rica,Cameroon,,,Uzbekistan,Norway,,,TRUE
Costa Rica,Cameroon,,,Vanuatu,Oman,,,TRUE
Costa Rica,Cameroon,,,Venezuela (Bolivarian Republic of),Palau,,,TRUE
Costa Rica,Cameroon,,,Lithuania,Papua New Guinea,,,TRUE
Costa Rica,Democratic Republic of the Congo,,,Micronesia (Federated States of),Poland,,,TRUE
Costa Rica,Democratic Republic of the Congo,,,New Zealand,Portugal,,,TRUE
Costa Rica,Democratic Republic of the Congo,,,Palau,Qatar,,,TRUE
Cuba,Democratic Republic of the Congo,,,Qatar,Republic of Korea,,,TRUE
Cuba,Democratic Republic of the Congo,,,Republic of Korea,Romania,,,TRUE
Cuba,Democratic Republic of the Congo,,,Sweden,Russian Federation,,,TRUE
Cuba,Democratic Republic of the Congo,,,Switzerland,Saint Kitts and Nevis,,,TRUE
Dominican Republic,Democratic Republic of the Congo,,,United Arab Emirates,Saint Vincent and the Grenadines,,,TRUE
Dominican Republic,Democratic Republic of the Congo,,,Croatia,San Marino,,,TRUE
Dominican Republic,Democratic Republic of the Congo,,,Eritrea,Saudi Arabia,,,TRUE
Dominican Republic,Congo,,,Greece,Seychelles,,,TRUE
Dominican Republic,Congo,,,Malaysia,Singapore,,,TRUE
Dominican Republic,Congo,,,,Slovakia,,,TRUE
Dominican Republic,Congo,,,,Slovenia,,,TRUE
Algeria,Congo,,,,Solomon Islands,,,TRUE
Algeria,Congo,,,,South Sudan,,,TRUE
Algeria,Congo,,,,Spain,,,TRUE
Algeria,Congo,,,,Sweden,,,TRUE
Ecuador,Congo,,,,Switzerland,,,TRUE
Ecuador,Congo,,,,United Arab Emirates,,,TRUE
Ecuador,Colombia,,,,United Kingdom,,,TRUE
Ecuador,Colombia,,,,United States,,,TRUE
Ecuador,Colombia,,,,Uzbekistan,,,TRUE
Egypt,Colombia,,,,Vanuatu,,,TRUE
Egypt,Colombia,,,,Venezuela (Bolivarian Republic of),,,TRUE
Egypt,Colombia,,,,Western Europe,,,FALSE
Egypt,Colombia,,,,,,,
Egypt,Colombia,,,,,,,
Egypt,Colombia,,,,,,,
Egypt,Colombia,,,,,,,
Egypt,Comoros,,,,,,,
Egypt,Comoros,,,,,,,
Egypt,Comoros,,,,,,,
Ethiopia,Comoros,,,,,,,
Ethiopia,Comoros,,,,,,,
Ethiopia,Comoros,,,,,,,
Gabon,Comoros,,,,,,,
Gabon,Comoros,,,,,,,
Gabon,Comoros,,,,,,,
Gabon,Comoros,,,,,,,
Gabon,Costa Rica,,,,,,,
Gabon,Costa Rica,,,,,,,
Gabon,Costa Rica,,,,,,,
Gabon,Costa Rica,,,,,,,
Georgia,Costa Rica,,,,,,,
Georgia,Costa Rica,,,,,,,
Georgia,Costa Rica,,,,,,,
Georgia,Costa Rica,,,,,,,
Georgia,Costa Rica,,,,,,,
Georgia,Costa Rica,,,,,,,
Georgia,Cuba,,,,,,,
Georgia,Cuba,,,,,,,
Georgia,Cuba,,,,,,,
Georgia,Cuba,,,,,,,
Ghana,Cuba,,,,,,,
Ghana,Cuba,,,,,,,
Ghana,Cuba,,,,,,,
Ghana,Cuba,,,,,,,
Guinea,Cuba,,,,,,,
Guinea,Cuba,,,,,,,
Guinea,Dominican Republic,,,,,,,
Guinea,Dominican Republic,,,,,,,
Guinea,Dominican Republic,,,,,,,
Guinea,Dominican Republic,,,,,,,
Guinea,Dominican Republic,,,,,,,
Gambia,Dominican Republic,,,,,,,
Gambia,Dominican Republic,,,,,,,
Gambia,Dominican Republic,,,,,,,
Gambia,Dominican Republic,,,,,,,
Gambia,Dominican Republic,,,,,,,
Gambia,Algeria,,,,,,,
Gambia,Algeria,,,,,,,
Gambia,Algeria,,,,,,,
Gambia,Algeria,,,,,,,
Gambia,Algeria,,,,,,,
Guinea-Bissau,Algeria,,,,,,,
Guinea-Bissau,Algeria,,,,,,,
Guinea-Bissau,Algeria,,,,,,,
Guatemala,Algeria,,,,,,,
Guatemala,Algeria,,,,,,,
Guatemala,Ecuador,,,,,,,
Guatemala,Ecuador,,,,,,,
Guatemala,Ecuador,,,,,,,
Guatemala,Ecuador,,,,,,,
Guatemala,Ecuador,,,,,,,
Guatemala,Egypt,,,,,,,
Guatemala,Egypt,,,,,,,
Guyana,Egypt,,,,,,,
Guyana,Egypt,,,,,,,
Guyana,Egypt,,,,,,,
Guyana,Egypt,,,,,,,
Guyana,Egypt,,,,,,,
Guyana,Egypt,,,,,,,
Guyana,Egypt,,,,,,,
Guyana,Egypt,,,,,,,
Guyana,Ethiopia,,,,,,,
Guyana,Ethiopia,,,,,,,
Honduras,Ethiopia,,,,,,,
Honduras,Ethiopia,,,,,,,
Honduras,Ethiopia,,,,,,,
Honduras,Ethiopia,,,,,,,
Honduras,Ethiopia,,,,,,,
Honduras,Ethiopia,,,,,,,
Honduras,Ethiopia,,,,,,,
Honduras,Ethiopia,,,,,,,
Honduras,Gabon,,,,,,,
Honduras,Gabon,,,,,,,
Haiti,Gabon,,,,,,,
Haiti,Gabon,,,,,,,
Haiti,Gabon,,,,,,,
Haiti,Gabon,,,,,,,
Haiti,Gabon,,,,,,,
Haiti,Gabon,,,,,,,
Haiti,Gabon,,,,,,,
Haiti,Gabon,,,,,,,
Haiti,Georgia,,,,,,,
Haiti,Georgia,,,,,,,
Indonesia,Georgia,,,,,,,
Indonesia,Georgia,,,,,,,
Indonesia,Georgia,,,,,,,
Indonesia,Georgia,,,,,,,
Indonesia,Georgia,,,,,,,
Indonesia,Georgia,,,,,,,
Indonesia,Georgia,,,,,,,
Indonesia,Georgia,,,,,,,
Indonesia,Ghana,,,,,,,
Indonesia,Ghana,,,,,,,
India,Ghana,,,,,,,
India,Ghana,,,,,,,
India,Ghana,,,,,,,
India,Ghana,,,,,,,
India,Ghana,,,,,,,
India,Ghana,,,,,,,
India,Ghana,,,,,,,
Iraq,Ghana,,,,,,,
Iraq,Guinea,,,,,,,
Iraq,Guinea,,,,,,,
Iraq,Guinea,,,,,,,
Jordan,Guinea,,,,,,,
Jordan,Guinea,,,,,,,
Jordan,Guinea,,,,,,,
Jordan,Guinea,,,,,,,
Jordan,Guinea,,,,,,,
Jordan,Guinea,,,,,,,
Jordan,Guinea,,,,,,,
Kazakhstan,Gambia,,,,,,,
Kazakhstan,Gambia,,,,,,,
Kazakhstan,Gambia,,,,,,,
Kazakhstan,Gambia,,,,,,,
Kazakhstan,Gambia,,,,,,,
Kazakhstan,Gambia,,,,,,,
Kazakhstan,Gambia,,,,,,,
Kenya,Gambia,,,,,,,
Kenya,Gambia,,,,,,,
Kenya,Gambia,,,,,,,
Kenya,Guinea-Bissau,,,,,,,
Kenya,Guinea-Bissau,,,,,,,
Kenya,Guinea-Bissau,,,,,,,
Kenya,Guinea-Bissau,,,,,,,
Kenya,Guinea-Bissau,,,,,,,
Kenya,Guinea-Bissau,,,,,,,
Kenya,Guinea-Bissau,,,,,,,
Kyrgyzstan,Guinea-Bissau,,,,,,,
Kyrgyzstan,Guinea-Bissau,,,,,,,
Kyrgyzstan,Guinea-Bissau,,,,,,,
Kyrgyzstan,Guatemala,,,,,,,
Kyrgyzstan,Guatemala,,,,,,,
Kyrgyzstan,Guatemala,,,,,,,
Kyrgyzstan,Guatemala,,,,,,,
Cambodia,Guatemala,,,,,,,
Cambodia,Guatemala,,,,,,,
Cambodia,Guatemala,,,,,,,
Cambodia,Guatemala,,,,,,,
Cambodia,Guatemala,,,,,,,
Cambodia,Guatemala,,,,,,,
Cambodia,Guyana,,,,,,,
Cambodia,Guyana,,,,,,,
Cambodia,Guyana,,,,,,,
Cambodia,Guyana,,,,,,,
Kiribati,Guyana,,,,,,,
Kiribati,Guyana,,,,,,,
Kiribati,Guyana,,,,,,,
Kiribati,Guyana,,,,,,,
Liberia,Guyana,,,,,,,
Liberia,Guyana,,,,,,,
Liberia,Honduras,,,,,,,
Liberia,Honduras,,,,,,,
Liberia,Honduras,,,,,,,
Liberia,Honduras,,,,,,,
Liberia,Honduras,,,,,,,
Liberia,Honduras,,,,,,,
Saint Lucia,Honduras,,,,,,,
Saint Lucia,Honduras,,,,,,,
Saint Lucia,Honduras,,,,,,,
Saint Lucia,Honduras,,,,,,,
Saint Lucia,Haiti,,,,,,,
Saint Lucia,Haiti,,,,,,,
Saint Lucia,Haiti,,,,,,,
Saint Lucia,Haiti,,,,,,,
Saint Lucia,Haiti,,,,,,,
Saint Lucia,Haiti,,,,,,,
Sri Lanka,Haiti,,,,,,,
Sri Lanka,Haiti,,,,,,,
Sri Lanka,Haiti,,,,,,,
Sri Lanka,Haiti,,,,,,,
Sri Lanka,Indonesia,,,,,,,
Sri Lanka,Indonesia,,,,,,,
Sri Lanka,Indonesia,,,,,,,
Sri Lanka,Indonesia,,,,,,,
Sri Lanka,Indonesia,,,,,,,
Sri Lanka,Indonesia,,,,,,,
Lesotho,Indonesia,,,,,,,
Lesotho,Indonesia,,,,,,,
Lesotho,Indonesia,,,,,,,
Lesotho,Indonesia,,,,,,,
Lesotho,India,,,,,,,
Lesotho,India,,,,,,,
Lesotho,India,,,,,,,
Republic of Moldova,India,,,,,,,
Republic of Moldova,India,,,,,,,
Republic of Moldova,India,,,,,,,
Republic of Moldova,India,,,,,,,
Madagascar,India,,,,,,,
Madagascar,India,,,,,,,
Madagascar,India,,,,,,,
Madagascar,Iraq,,,,,,,
Madagascar,Iraq,,,,,,,
Madagascar,Iraq,,,,,,,
Madagascar,Iraq,,,,,,,
Madagascar,Iraq,,,,,,,
Madagascar,Iraq,,,,,,,
Madagascar,Iraq,,,,,,,
Mexico,Iraq,,,,,,,
Mexico,Iraq,,,,,,,
Mexico,Iraq,,,,,,,
Mexico,Jordan,,,,,,,
Mexico,Jordan,,,,,,,
North Macedonia,Jordan,,,,,,,
North Macedonia,Jordan,,,,,,,
North Macedonia,Jordan,,,,,,,
North Macedonia,Jordan,,,,,,,
North Macedonia,Jordan,,,,,,,
North Macedonia,Jordan,,,,,,,
North Macedonia,Jordan,,,,,,,
North Macedonia,Jordan,,,,,,,
North Macedonia,Kazakhstan,,,,,,,
North Macedonia,Kazakhstan,,,,,,,
Mali,Kazakhstan,,,,,,,
Mali,Kazakhstan,,,,,,,
Mali,Kazakhstan,,,,,,,
Mali,Kazakhstan,,,,,,,
Mali,Kazakhstan,,,,,,,
Mali,Kazakhstan,,,,,,,
Mali,Kazakhstan,,,,,,,
Mali,Kazakhstan,,,,,,,
Mali,Kenya,,,,,,,
Mali,Kenya,,,,,,,
Myanmar,Kenya,,,,,,,
Myanmar,Kenya,,,,,,,
Myanmar,Kenya,,,,,,,
Myanmar,Kenya,,,,,,,
Myanmar,Kenya,,,,,,,
Myanmar,Kenya,,,,,,,
Myanmar,Kenya,,,,,,,
Myanmar,Kenya,,,,,,,
Myanmar,Kyrgyzstan,,,,,,,
Myanmar,Kyrgyzstan,,,,,,,
Montenegro,Kyrgyzstan,,,,,,,
Montenegro,Kyrgyzstan,,,,,,,
Montenegro,Kyrgyzstan,,,,,,,
Montenegro,Kyrgyzstan,,,,,,,
Montenegro,Kyrgyzstan,,,,,,,
Montenegro,Kyrgyzstan,,,,,,,
Montenegro,Kyrgyzstan,,,,,,,
Montenegro,Kyrgyzstan,,,,,,,
Montenegro,Cambodia,,,,,,,
Montenegro,Cambodia,,,,,,,
Mongolia,Cambodia,,,,,,,
Mongolia,Cambodia,,,,,,,
Mongolia,Cambodia,,,,,,,
Mongolia,Cambodia,,,,,,,
Mongolia,Cambodia,,,,,,,
Mongolia,Cambodia,,,,,,,
Mongolia,Cambodia,,,,,,,
Mongolia,Cambodia,,,,,,,
Mongolia,Kiribati,,,,,,,
Mongolia,Kiribati,,,,,,,
Mauritania,Kiribati,,,,,,,
Mauritania,Kiribati,,,,,,,
Mauritania,Kiribati,,,,,,,
Mauritania,Kiribati,,,,,,,
Mauritania,Kiribati,,,,,,,
Mauritania,Kiribati,,,,,,,
Mauritania,Kiribati,,,,,,,
Mauritania,Kiribati,,,,,,,
Mauritania,Lao People's Democratic Republic,,,,,,,
Mauritania,Lao People's Democratic Republic,,,,,,,
Malawi,Lao People's Democratic Republic,,,,,,,
Malawi,Lao People's Democratic Republic,,,,,,,
Malawi,Lao People's Democratic Republic,,,,,,,
Malawi,Lao People's Democratic Republic,,,,,,,
Malawi,Lao People's Democratic Republic,,,,,,,
Malawi,Lao People's Democratic Republic,,,,,,,
Malawi,Lao People's Democratic Republic,,,,,,,
Malawi,Lao People's Democratic Republic,,,,,,,
Malawi,Liberia,,,,,,,
Malawi,Liberia,,,,,,,
Namibia,Liberia,,,,,,,
Namibia,Liberia,,,,,,,
Namibia,Liberia,,,,,,,
Namibia,Liberia,,,,,,,
Namibia,Liberia,,,,,,,
Namibia,Liberia,,,,,,,
Namibia,Liberia,,,,,,,
Namibia,Liberia,,,,,,,
Namibia,Saint Lucia,,,,,,,
Namibia,Saint Lucia,,,,,,,
Niger,Saint Lucia,,,,,,,
Niger,Saint Lucia,,,,,,,
Niger,Saint Lucia,,,,,,,
Niger,Saint Lucia,,,,,,,
Niger,Saint Lucia,,,,,,,
Niger,Saint Lucia,,,,,,,
Niger,Saint Lucia,,,,,,,
Niger,Saint Lucia,,,,,,,
Niger,Sri Lanka,,,,,,,
Niger,Sri Lanka,,,,,,,
Nigeria,Sri Lanka,,,,,,,
Nigeria,Sri Lanka,,,,,,,
Nigeria,Sri Lanka,,,,,,,
Nigeria,Sri Lanka,,,,,,,
Nigeria,Sri Lanka,,,,,,,
Nigeria,Sri Lanka,,,,,,,
Nigeria,Sri Lanka,,,,,,,
Nigeria,Sri Lanka,,,,,,,
Nigeria,Lesotho,,,,,,,
Nigeria,Lesotho,,,,,,,
Nepal,Lesotho,,,,,,,
Nepal,Lesotho,,,,,,,
Nepal,Lesotho,,,,,,,
Nepal,Lesotho,,,,,,,
Nepal,Lesotho,,,,,,,
Nepal,Lesotho,,,,,,,
Nepal,Lesotho,,,,,,,
Nepal,Lesotho,,,,,,,
Nepal,Republic of Moldova,,,,,,,
Nepal,Republic of Moldova,,,,,,,
Pakistan,Republic of Moldova,,,,,,,
Pakistan,Republic of Moldova,,,,,,,
Pakistan,Republic of Moldova,,,,,,,
Pakistan,Republic of Moldova,,,,,,,
Pakistan,Republic of Moldova,,,,,,,
Pakistan,Republic of Moldova,,,,,,,
Pakistan,Republic of Moldova,,,,,,,
Pakistan,Republic of Moldova,,,,,,,
Pakistan,Madagascar,,,,,,,
Pakistan,Madagascar,,,,,,,
Panama,Madagascar,,,,,,,
Panama,Madagascar,,,,,,,
Panama,Madagascar,,,,,,,
Panama,Madagascar,,,,,,,
Panama,Madagascar,,,,,,,
Panama,Madagascar,,,,,,,
Panama,Madagascar,,,,,,,
Panama,Madagascar,,,,,,,
Panama,Mexico,,,,,,,
Panama,Mexico,,,,,,,
Peru,Mexico,,,,,,,
Peru,Mexico,,,,,,,
Peru,Mexico,,,,,,,
Peru,North Macedonia,,,,,,,
Peru,North Macedonia,,,,,,,
Peru,North Macedonia,,,,,,,
Peru,North Macedonia,,,,,,,
Peru,North Macedonia,,,,,,,
Peru,North Macedonia,,,,,,,
Peru,North Macedonia,,,,,,,
Philippines,North Macedonia,,,,,,,
Philippines,North Macedonia,,,,,,,
Philippines,North Macedonia,,,,,,,
Philippines,Mali,,,,,,,
Philippines,Mali,,,,,,,
Philippines,Mali,,,,,,,
Philippines,Mali,,,,,,,
Philippines,Mali,,,,,,,
Philippines,Mali,,,,,,,
Philippines,Mali,,,,,,,
Democratic People's Republic of Korea,Mali,,,,,,,
Democratic People's Republic of Korea,Mali,,,,,,,
Democratic People's Republic of Korea,Mali,,,,,,,
Democratic People's Republic of Korea,Myanmar,,,,,,,
Democratic People's Republic of Korea,Myanmar,,,,,,,
Democratic People's Republic of Korea,Myanmar,,,,,,,
Paraguay,Myanmar,,,,,,,
Paraguay,Myanmar,,,,,,,
Paraguay,Myanmar,,,,,,,
Paraguay,Myanmar,,,,,,,
Paraguay,Myanmar,,,,,,,
Paraguay,Myanmar,,,,,,,
Paraguay,Myanmar,,,,,,,
Paraguay,Montenegro,,,,,,,
Paraguay,Montenegro,,,,,,,
Paraguay,Montenegro,,,,,,,
State of Palestine,Montenegro,,,,,,,
State of Palestine,Montenegro,,,,,,,
State of Palestine,Montenegro,,,,,,,
State of Palestine,Montenegro,,,,,,,
State of Palestine,Montenegro,,,,,,,
State of Palestine,Montenegro,,,,,,,
State of Palestine,Montenegro,,,,,,,
State of Palestine,Mongolia,,,,,,,
State of Palestine,Mongolia,,,,,,,
State of Palestine,Mongolia,,,,,,,
Rwanda,Mongolia,,,,,,,
Rwanda,Mongolia,,,,,,,
Rwanda,Mongolia,,,,,,,
Rwanda,Mongolia,,,,,,,
Rwanda,Mongolia,,,,,,,
Rwanda,Mongolia,,,,,,,
Rwanda,Mongolia,,,,,,,
Rwanda,Mauritania,,,,,,,
Rwanda,Mauritania,,,,,,,
Rwanda,Mauritania,,,,,,,
Sudan,Mauritania,,,,,,,
Sudan,Mauritania,,,,,,,
Sudan,Mauritania,,,,,,,
Sudan,Mauritania,,,,,,,
Sudan,Mauritania,,,,,,,
Sudan,Mauritania,,,,,,,
Sudan,Mauritania,,,,,,,
Sudan,Malawi,,,,,,,
Sudan,Malawi,,,,,,,
Sudan,Malawi,,,,,,,
Senegal,Malawi,,,,,,,
Senegal,Malawi,,,,,,,
Senegal,Malawi,,,,,,,
Senegal,Malawi,,,,,,,
Senegal,Malawi,,,,,,,
Senegal,Malawi,,,,,,,
Senegal,Malawi,,,,,,,
Senegal,Namibia,,,,,,,
Senegal,Namibia,,,,,,,
Senegal,Namibia,,,,,,,
Sierra Leone,Namibia,,,,,,,
Sierra Leone,Namibia,,,,,,,
Sierra Leone,Namibia,,,,,,,
Sierra Leone,Namibia,,,,,,,
Sierra Leone,Namibia,,,,,,,
Sierra Leone,Namibia,,,,,,,
Sierra Leone,Namibia,,,,,,,
Sierra Leone,Niger,,,,,,,
Sierra Leone,Niger,,,,,,,
Sierra Leone,Niger,,,,,,,
El Salvador,Niger,,,,,,,
El Salvador,Niger,,,,,,,
El Salvador,Niger,,,,,,,
El Salvador,Niger,,,,,,,
El Salvador,Niger,,,,,,,
El Salvador,Niger,,,,,,,
El Salvador,Niger,,,,,,,
El Salvador,Nigeria,,,,,,,
El Salvador,Nigeria,,,,,,,
El Salvador,Nigeria,,,,,,,
Serbia,Nigeria,,,,,,,
Serbia,Nigeria,,,,,,,
Serbia,Nigeria,,,,,,,
Serbia,Nigeria,,,,,,,
Serbia,Nigeria,,,,,,,
Serbia,Nigeria,,,,,,,
Serbia,Nigeria,,,,,,,
Serbia,Nepal,,,,,,,
Serbia,Nepal,,,,,,,
Serbia,Nepal,,,,,,,
Sao Tome and Principe,Nepal,,,,,,,
Sao Tome and Principe,Nepal,,,,,,,
Sao Tome and Principe,Nepal,,,,,,,
Sao Tome and Principe,Nepal,,,,,,,
Sao Tome and Principe,Nepal,,,,,,,
Sao Tome and Principe,Nepal,,,,,,,
Sao Tome and Principe,Nepal,,,,,,,
Sao Tome and Principe,Pakistan,,,,,,,
Sao Tome and Principe,Pakistan,,,,,,,
Sao Tome and Principe,Pakistan,,,,,,,
Suriname,Pakistan,,,,,,,
Suriname,Pakistan,,,,,,,
Suriname,Pakistan,,,,,,,
Suriname,Pakistan,,,,,,,
Suriname,Pakistan,,,,,,,
Suriname,Pakistan,,,,,,,
Suriname,Pakistan,,,,,,,
Suriname,Panama,,,,,,,
Suriname,Panama,,,,,,,
Suriname,Panama,,,,,,,
Eswatini,Panama,,,,,,,
Eswatini,Panama,,,,,,,
Eswatini,Panama,,,,,,,
Eswatini,Panama,,,,,,,
Eswatini,Panama,,,,,,,
Eswatini,Panama,,,,,,,
Eswatini,Panama,,,,,,,
Eswatini,Peru,,,,,,,
Eswatini,Peru,,,,,,,
Eswatini,Peru,,,,,,,
Turks and Caicos Islands,Peru,,,,,,,
Turks and Caicos Islands,Peru,,,,,,,
Turks and Caicos Islands,Peru,,,,,,,
Turks and Caicos Islands,Peru,,,,,,,
Turks and Caicos Islands,Peru,,,,,,,
Turks and Caicos Islands,Peru,,,,,,,
Turks and Caicos Islands,Peru,,,,,,,
Turks and Caicos Islands,Philippines,,,,,,,
Turks and Caicos Islands,Philippines,,,,,,,
Turks and Caicos Islands,Philippines,,,,,,,
Chad,Philippines,,,,,,,
Chad,Philippines,,,,,,,
Chad,Philippines,,,,,,,
Chad,Philippines,,,,,,,
Chad,Philippines,,,,,,,
Chad,Philippines,,,,,,,
Chad,Philippines,,,,,,,
Chad,Democratic People's Republic of Korea,,,,,,,
Chad,Democratic People's Republic of Korea,,,,,,,
Chad,Democratic People's Republic of Korea,,,,,,,
Togo,Democratic People's Republic of Korea,,,,,,,
Togo,Democratic People's Republic of Korea,,,,,,,
Togo,Democratic People's Republic of Korea,,,,,,,
Togo,Paraguay,,,,,,,
Togo,Paraguay,,,,,,,
Togo,Paraguay,,,,,,,
Togo,Paraguay,,,,,,,
Togo,Paraguay,,,,,,,
Togo,Paraguay,,,,,,,
Togo,Paraguay,,,,,,,
Thailand,Paraguay,,,,,,,
Thailand,Paraguay,,,,,,,
Thailand,Paraguay,,,,,,,
Thailand,State of Palestine,,,,,,,
Thailand,State of Palestine,,,,,,,
Thailand,State of Palestine,,,,,,,
Thailand,State of Palestine,,,,,,,
Thailand,State of Palestine,,,,,,,
Thailand,State of Palestine,,,,,,,
Thailand,State of Palestine,,,,,,,
Tajikistan,State of Palestine,,,,,,,
Tajikistan,State of Palestine,,,,,,,
Tajikistan,State of Palestine,,,,,,,
Tajikistan,Rwanda,,,,,,,
Tajikistan,Rwanda,,,,,,,
Tajikistan,Rwanda,,,,,,,
Tajikistan,Rwanda,,,,,,,
Tajikistan,Rwanda,,,,,,,
Tajikistan,Rwanda,,,,,,,
Tajikistan,Rwanda,,,,,,,
Turkmenistan,Rwanda,,,,,,,
Turkmenistan,Rwanda,,,,,,,
Turkmenistan,Rwanda,,,,,,,
Turkmenistan,Sudan,,,,,,,
Turkmenistan,Sudan,,,,,,,
Turkmenistan,Sudan,,,,,,,
Turkmenistan,Sudan,,,,,,,
Turkmenistan,Sudan,,,,,,,
Turkmenistan,Sudan,,,,,,,
Turkmenistan,Sudan,,,,,,,
Timor-Leste,Sudan,,,,,,,
Timor-Leste,Sudan,,,,,,,
Timor-Leste,Sudan,,,,,,,
Timor-Leste,Senegal,,,,,,,
Timor-Leste,Senegal,,,,,,,
Timor-Leste,Senegal,,,,,,,
Timor-Leste,Senegal,,,,,,,
Timor-Leste,Senegal,,,,,,,
Timor-Leste,Senegal,,,,,,,
Timor-Leste,Senegal,,,,,,,
Tonga,Senegal,,,,,,,
Tonga,Senegal,,,,,,,
Tonga,Senegal,,,,,,,
Tonga,Sierra Leone,,,,,,,
Tonga,Sierra Leone,,,,,,,
Tonga,Sierra Leone,,,,,,,
Tonga,Sierra Leone,,,,,,,
Tonga,Sierra Leone,,,,,,,
Tonga,Sierra Leone,,,,,,,
Tonga,Sierra Leone,,,,,,,
Tunisia,Sierra Leone,,,,,,,
Tunisia,Sierra Leone,,,,,,,
Tunisia,Sierra Leone,,,,,,,
Tunisia,El Salvador,,,,,,,
Tunisia,El Salvador,,,,,,,
Tunisia,El Salvador,,,,,,,
Tunisia,El Salvador,,,,,,,
Tunisia,El Salvador,,,,,,,
Tunisia,El Salvador,,,,,,,
Tunisia,El Salvador,,,,,,,
Türkiye,El Salvador,,,,,,,
Türkiye,El Salvador,,,,,,,
Türkiye,El Salvador,,,,,,,
Türkiye,Serbia,,,,,,,
Türkiye,Serbia,,,,,,,
Türkiye,Serbia,,,,,,,
Türkiye,Serbia,,,,,,,
Türkiye,Serbia,,,,,,,
Türkiye,Serbia,,,,,,,
Türkiye,Serbia,,,,,,,
Tuvalu,Serbia,,,,,,,
Tuvalu,Serbia,,,,,,,
Tuvalu,Serbia,,,,,,,
Tuvalu,Sao Tome and Principe,,,,,,,
Tuvalu,Sao Tome and Principe,,,,,,,
Tuvalu,Sao Tome and Principe,,,,,,,
Tuvalu,Sao Tome and Principe,,,,,,,
Tuvalu,Sao Tome and Principe,,,,,,,
Tuvalu,Sao Tome and Principe,,,,,,,
Tuvalu,Sao Tome and Principe,,,,,,,
United Republic of Tanzania,Sao Tome and Principe,,,,,,,
United Republic of Tanzania,Sao Tome and Principe,,,,,,,
United Republic of Tanzania,Sao Tome and Principe,,,,,,,
United Republic of Tanzania,Suriname,,,,,,,
United Republic of Tanzania,Suriname,,,,,,,
United Republic of Tanzania,Suriname,,,,,,,
United Republic of Tanzania,Suriname,,,,,,,
United Republic of Tanzania,Suriname,,,,,,,
United Republic of Tanzania,Suriname,,,,,,,
United Republic of Tanzania,Suriname,,,,,,,
Uganda,Suriname,,,,,,,
Uganda,Suriname,,,,,,,
Uganda,Suriname,,,,,,,
Uganda,Eswatini,,,,,,,
Uganda,Eswatini,,,,,,,
Uganda,Eswatini,,,,,,,
Uganda,Eswatini,,,,,,,
Uganda,Eswatini,,,,,,,
Uganda,Eswatini,,,,,,,
Uganda,Eswatini,,,,,,,
Ukraine,Eswatini,,,,,,,
Ukraine,Eswatini,,,,,,,
Ukraine,Eswatini,,,,,,,
Ukraine,Turks and Caicos Islands,,,,,,,
Ukraine,Turks and Caicos Islands,,,,,,,
Ukraine,Turks and Caicos Islands,,,,,,,
Ukraine,Turks and Caicos Islands,,,,,,,
Ukraine,Turks and Caicos Islands,,,,,,,
Ukraine,Turks and Caicos Islands,,,,,,,
Ukraine,Turks and Caicos Islands,,,,,,,
Uruguay,Turks and Caicos Islands,,,,,,,
Uruguay,Turks and Caicos Islands,,,,,,,
Uruguay,Turks and Caicos Islands,,,,,,,
Uruguay,Chad,,,,,,,
Uruguay,Chad,,,,,,,
Uruguay,Chad,,,,,,,
Uruguay,Chad,,,,,,,
Uruguay,Chad,,,,,,,
Uruguay,Chad,,,,,,,
Uruguay,Chad,,,,,,,
Viet Nam,Chad,,,,,,,
Viet Nam,Chad,,,,,,,
Viet Nam,Chad,,,,,,,
Viet Nam,Togo,,,,,,,
Viet Nam,Togo,,,,,,,
Viet Nam,Togo,,,,,,,
Viet Nam,Togo,,,,,,,
Viet Nam,Togo,,,,,,,
Viet Nam,Togo,,,,,,,
Viet Nam,Togo,,,,,,,
Samoa,Togo,,,,,,,
Samoa,Togo,,,,,,,
Samoa,Togo,,,,,,,
Samoa,Thailand,,,,,,,
Samoa,Thailand,,,,,,,
Samoa,Thailand,,,,,,,
Samoa,Thailand,,,,,,,
Samoa,Thailand,,,,,,,
Samoa,Thailand,,,,,,,
Samoa,Thailand,,,,,,,
Yemen,Thailand,,,,,,,
Yemen,Thailand,,,,,,,
Yemen,Thailand,,,,,,,
Yemen,Tajikistan,,,,,,,
Yemen,Tajikistan,,,,,,,
Yemen,Tajikistan,,,,,,,
Yemen,Tajikistan,,,,,,,
Yemen,Tajikistan,,,,,,,
Yemen,Tajikistan,,,,,,,
Yemen,Tajikistan,,,,,,,
South Africa,Tajikistan,,,,,,,
South Africa,Tajikistan,,,,,,,
South Africa,Tajikistan,,,,,,,
South Africa,Turkmenistan,,,,,,,
South Africa,Turkmenistan,,,,,,,
South Africa,Turkmenistan,,,,,,,
South Africa,Turkmenistan,,,,,,,
South Africa,Turkmenistan,,,,,,,
South Africa,Turkmenistan,,,,,,,
South Africa,Turkmenistan,,,,,,,
Zambia,Turkmenistan,,,,,,,
Zambia,Turkmenistan,,,,,,,
Zambia,Turkmenistan,,,,,,,
Zambia,Timor-Leste,,,,,,,
Zambia,Timor-Leste,,,,,,,
Zambia,Timor-Leste,,,,,,,
Zambia,Timor-Leste,,,,,,,
Zambia,Timor-Leste,,,,,,,
Zambia,Timor-Leste,,,,,,,
Zambia,Timor-Leste,,,,,,,
Zimbabwe,Timor-Leste,,,,,,,
Zimbabwe,Timor-Leste,,,,,,,
Zimbabwe,Timor-Leste,,,,,,,
Zimbabwe,Tonga,,,,,,,
Zimbabwe,Tonga,,,,,,,
Zimbabwe,Tonga,,,,,,,
Zimbabwe,Tonga,,,,,,,
Zimbabwe,Tonga,,,,,,,
Zimbabwe,Tonga,,,,,,,
Zimbabwe,Tonga,,,,,,,
Kosovo,Tonga,,,,,,,
Kosovo,Tonga,,,,,,,
Kosovo,Tonga,,,,,,,
Kosovo,Tunisia,,,,,,,
Kosovo,Tunisia,,,,,,,
Kosovo,Tunisia,,,,,,,
Kosovo,Tunisia,,,,,,,
Kosovo,Tunisia,,,,,,,
Kosovo,Tunisia,,,,,,,
Kosovo,Tunisia,,,,,,,
Afghanistan,Tunisia,,,,,,,
Afghanistan,Tunisia,,,,,,,
Afghanistan,Tunisia,,,,,,,
Albania,Türkiye,,,,,,,
Albania,Türkiye,,,,,,,
Albania,Türkiye,,,,,,,
Algeria,Türkiye,,,,,,,
Algeria,Türkiye,,,,,,,
Algeria,Türkiye,,,,,,,
Angola,Türkiye,,,,,,,
Angola,Türkiye,,,,,,,
Angola,Türkiye,,,,,,,
Argentina,Türkiye,,,,,,,
Argentina,Tuvalu,,,,,,,
Argentina,Tuvalu,,,,,,,
Armenia,Tuvalu,,,,,,,
Armenia,Tuvalu,,,,,,,
Armenia,Tuvalu,,,,,,,
Bangladesh,Tuvalu,,,,,,,
Bangladesh,Tuvalu,,,,,,,
Bangladesh,Tuvalu,,,,,,,
Barbados,Tuvalu,,,,,,,
Barbados,Tuvalu,,,,,,,
Barbados,United Republic of Tanzania,,,,,,,
Belarus,United Republic of Tanzania,,,,,,,
Belarus,United Republic of Tanzania,,,,,,,
Belarus,United Republic of Tanzania,,,,,,,
Belize,United Republic of Tanzania,,,,,,,
Belize,United Republic of Tanzania,,,,,,,
Belize,United Republic of Tanzania,,,,,,,
Benin,United Republic of Tanzania,,,,,,,
Benin,United Republic of Tanzania,,,,,,,
Benin,United Republic of Tanzania,,,,,,,
Bolivia (Plurinational State of),Uganda,,,,,,,
Bolivia (Plurinational State of),Uganda,,,,,,,
Bolivia (Plurinational State of),Uganda,,,,,,,
Bosnia and Herzegovina,Uganda,,,,,,,
Bosnia and Herzegovina,Uganda,,,,,,,
Bosnia and Herzegovina,Uganda,,,,,,,
Botswana,Uganda,,,,,,,
Botswana,Uganda,,,,,,,
Botswana,Uganda,,,,,,,
Brazil,Uganda,,,,,,,
Brazil,Ukraine,,,,,,,
Brazil,Ukraine,,,,,,,
Burundi,Ukraine,,,,,,,
Burundi,Ukraine,,,,,,,
Burundi,Ukraine,,,,,,,
Cambodia,Ukraine,,,,,,,
Cambodia,Ukraine,,,,,,,
Cambodia,Ukraine,,,,,,,
Cameroon,Ukraine,,,,,,,
Cameroon,Ukraine,,,,,,,
Cameroon,East Asia and Pacific,,,,,,,
Central African Republic,East Asia and Pacific,,,,,,,
Central African Republic,East Asia and Pacific,,,,,,,
Central African Republic,East Asia and Pacific,,,,,,,
Chad,East Asia and Pacific,,,,,,,
Chad,East Asia and Pacific,,,,,,,
Chad,East Asia and Pacific,,,,,,,
Chile,East Asia and Pacific,,,,,,,
Chile,East Asia and Pacific,,,,,,,
Chile,East Asia and Pacific,,,,,,,
China,Eastern Europe and Central Asia,,,,,,,
China,Eastern Europe and Central Asia,,,,,,,
China,Eastern Europe and Central Asia,,,,,,,
Colombia,Eastern Europe and Central Asia,,,,,,,
Colombia,Eastern Europe and Central Asia,,,,,,,
Colombia,Eastern Europe and Central Asia,,,,,,,
Comoros,Eastern Europe and Central Asia,,,,,,,
Comoros,Eastern Europe and Central Asia,,,,,,,
Comoros,Eastern Europe and Central Asia,,,,,,,
Congo,Eastern Europe and Central Asia,,,,,,,
Congo,Eastern and Southern Africa,,,,,,,
Congo,Eastern and Southern Africa,,,,,,,
Costa Rica,Eastern and Southern Africa,,,,,,,
Costa Rica,Eastern and Southern Africa,,,,,,,
Costa Rica,Eastern and Southern Africa,,,,,,,
Cuba,Eastern and Southern Africa,,,,,,,
Cuba,Eastern and Southern Africa,,,,,,,
Cuba,Eastern and Southern Africa,,,,,,,
Côte d'Ivoire,Eastern and Southern Africa,,,,,,,
Côte d'Ivoire,Eastern and Southern Africa,,,,,,,
Côte d'Ivoire,Latin America and Caribbean,,,,,,,
Democratic People's Republic of Korea,Latin America and Caribbean,,,,,,,
Democratic People's Republic of Korea,Latin America and Caribbean,,,,,,,
Democratic People's Republic of Korea,Latin America and Caribbean,,,,,,,
Democratic Republic of the Congo,Latin America and Caribbean,,,,,,,
Democratic Republic of the Congo,Latin America and Caribbean,,,,,,,
Democratic Republic of the Congo,Latin America and Caribbean,,,,,,,
Dominican Republic,Latin America and Caribbean,,,,,,,
Dominican Republic,Latin America and Caribbean,,,,,,,
Dominican Republic,Latin America and Caribbean,,,,,,,
Ecuador,Middle East and North Africa,,,,,,,
Ecuador,Middle East and North Africa,,,,,,,
Ecuador,Middle East and North Africa,,,,,,,
Egypt,Middle East and North Africa,,,,,,,
Egypt,Middle East and North Africa,,,,,,,
Egypt,Middle East and North Africa,,,,,,,
El Salvador,Middle East and North Africa,,,,,,,
El Salvador,Middle East and North Africa,,,,,,,
El Salvador,Middle East and North Africa,,,,,,,
Eswatini,Middle East and North Africa,,,,,,,
Eswatini,South Asia,,,,,,,
Eswatini,South Asia,,,,,,,
Ethiopia,South Asia,,,,,,,
Ethiopia,South Asia,,,,,,,
Ethiopia,South Asia,,,,,,,
Gabon,South Asia,,,,,,,
Gabon,South Asia,,,,,,,
Gabon,South Asia,,,,,,,
Gambia,South Asia,,,,,,,
Gambia,South Asia,,,,,,,
Gambia,Sub-Saharan Africa,,,,,,,
Guinea-Bissau,Sub-Saharan Africa,,,,,,,
Honduras,Sub-Saharan Africa,,,,,,,
Honduras,Sub-Saharan Africa,,,,,,,
India,Sub-Saharan Africa,,,,,,,
India,Sub-Saharan Africa,,,,,,,
India,Sub-Saharan Africa,,,,,,,
Indonesia,Sub-Saharan Africa,,,,,,,
Indonesia,Sub-Saharan Africa,,,,,,,
Jordan,Sub-Saharan Africa,,,,,,,
Jordan,West and Central Africa,,,,,,,
Jordan,West and Central Africa,,,,,,,
Kazakhstan,West and Central Africa,,,,,,,
Kazakhstan,West and Central Africa,,,,,,,
Kazakhstan,West and Central Africa,,,,,,,
Kenya,West and Central Africa,,,,,,,
Kenya,West and Central Africa,,,,,,,
Kenya,West and Central Africa,,,,,,,
Kiribati,West and Central Africa,,,,,,,
Kosovo,West and Central Africa,,,,,,,
Kosovo,Least developed countries,,,,,,,
Kyrgyzstan,Least developed countries,,,,,,,
Kyrgyzstan,Least developed countries,,,,,,,
Kyrgyzstan,Uruguay,,,,,,,
Lao People's Democratic Republic,Uruguay,,,,,,,
Lao People's Democratic Republic,Uruguay,,,,,,,
Lao People's Democratic Republic,Uruguay,,,,,,,
Lesotho,Uruguay,,,,,,,
Lesotho,Uruguay,,,,,,,
Lesotho,Uruguay,,,,,,,
Liberia,Uruguay,,,,,,,
Liberia,Uruguay,,,,,,,
Liberia,Uruguay,,,,,,,
Madagascar,Viet Nam,,,,,,,
Madagascar,Viet Nam,,,,,,,
Madagascar,Viet Nam,,,,,,,
Malawi,Viet Nam,,,,,,,
Malawi,Viet Nam,,,,,,,
Malawi,Viet Nam,,,,,,,
Mali,Viet Nam,,,,,,,
Mali,Viet Nam,,,,,,,
Mali,Viet Nam,,,,,,,
Mauritania,Viet Nam,,,,,,,
Mauritania,World,,,,,,,
Mauritania,World,,,,,,,
Mexico,World,,,,,,,
Mexico,World,,,,,,,
Mexico,World,,,,,,,
Mongolia,World,,,,,,,
Mongolia,World,,,,,,,
Mongolia,World,,,,,,,
Montenegro,World,,,,,,,
Montenegro,World,,,,,,,
Montenegro,Samoa,,,,,,,
Myanmar,Samoa,,,,,,,
Myanmar,Samoa,,,,,,,
Myanmar,Samoa,,,,,,,
Namibia,Samoa,,,,,,,
Namibia,Samoa,,,,,,,
Namibia,Samoa,,,,,,,
Nepal,Samoa,,,,,,,
Nepal,Samoa,,,,,,,
Nepal,Samoa,,,,,,,
Niger,Yemen,,,,,,,
Niger,Yemen,,,,,,,
Niger,Yemen,,,,,,,
Nigeria,Yemen,,,,,,,
Nigeria,Yemen,,,,,,,
North Macedonia,Yemen,,,,,,,
Pakistan,Yemen,,,,,,,
Panama,Yemen,,,,,,,
Paraguay,Yemen,,,,,,,
Peru,Yemen,,,,,,,
Peru,South Africa,,,,,,,
Philippines,South Africa,,,,,,,
Philippines,South Africa,,,,,,,
Philippines,South Africa,,,,,,,
Republic of Moldova,South Africa,,,,,,,
Republic of Moldova,South Africa,,,,,,,
Republic of Moldova,South Africa,,,,,,,
Saint Lucia,South Africa,,,,,,,
Saint Lucia,South Africa,,,,,,,
Saint Lucia,South Africa,,,,,,,
Sao Tome and Principe,Zambia,,,,,,,
Sao Tome and Principe,Zambia,,,,,,,
Sao Tome and Principe,Zambia,,,,,,,
Senegal,Zambia,,,,,,,
Senegal,Zambia,,,,,,,
Senegal,Zambia,,,,,,,
Serbia,Zambia,,,,,,,
Serbia,Zambia,,,,,,,
Serbia,Zambia,,,,,,,
Sierra Leone,Zambia,,,,,,,
Sierra Leone,Zimbabwe,,,,,,,
Sierra Leone,Zimbabwe,,,,,,,
South Africa,Zimbabwe,,,,,,,
South Africa,Zimbabwe,,,,,,,
South Africa,Zimbabwe,,,,,,,
State of Palestine,Zimbabwe,,,,,,,
State of Palestine,Zimbabwe,,,,,,,
State of Palestine,Zimbabwe,,,,,,,
Sudan,Zimbabwe,,,,,,,
Sudan,Zimbabwe,,,,,,,
Sudan,Kosovo,,,,,,,
Suriname,Kosovo,,,,,,,
Suriname,Kosovo,,,,,,,
Suriname,Kosovo,,,,,,,
Tajikistan,Kosovo,,,,,,,
Tajikistan,Kosovo,,,,,,,
Tajikistan,Kosovo,,,,,,,
Thailand,Kosovo,,,,,,,
Thailand,Kosovo,,,,,,,
Thailand,Kosovo,,,,,,,
Timor-Leste,Afghanistan,,,,,,,
Timor-Leste,Afghanistan,,,,,,,
Timor-Leste,Afghanistan,,,,,,,
Togo,Albania,,,,,,,
Togo,Albania,,,,,,,
Togo,Albania,,,,,,,
Tunisia,Algeria,,,,,,,
Tunisia,Algeria,,,,,,,
Tunisia,Algeria,,,,,,,
Turks and Caicos Islands,Angola,,,,,,,
Turks and Caicos Islands,Angola,,,,,,,
Turks and Caicos Islands,Angola,,,,,,,
Tuvalu,Argentina,,,,,,,
Tuvalu,Argentina,,,,,,,
Tuvalu,Argentina,,,,,,,
Türkiye,Armenia,,,,,,,
Uganda,Armenia,,,,,,,
Uganda,Armenia,,,,,,,
Ukraine,Bangladesh,,,,,,,
Ukraine,Bangladesh,,,,,,,
Ukraine,Bangladesh,,,,,,,
United Republic of Tanzania,Barbados,,,,,,,
United Republic of Tanzania,Barbados,,,,,,,
United Republic of Tanzania,Barbados,,,,,,,
Uruguay,Belarus,,,,,,,
Uruguay,Belarus,,,,,,,
Uruguay,Belarus,,,,,,,
Viet Nam,Belize,,,,,,,
Viet Nam,Belize,,,,,,,
Viet Nam,Belize,,,,,,,
Yemen,Benin,,,,,,,
Zambia,Benin,,,,,,,
Zambia,Benin,,,,,,,
Zambia,Bolivia (Plurinational State of),,,,,,,
Zimbabwe,Bolivia (Plurinational State of),,,,,,,
Zimbabwe,Bolivia (Plurinational State of),,,,,,,
Zimbabwe,Bosnia and Herzegovina,,,,,,,
Afghanistan,Bosnia and Herzegovina,,,,,,,
Afghanistan,Bosnia and Herzegovina,,,,,,,
Afghanistan,Botswana,,,,,,,
Albania,Botswana,,,,,,,
Albania,Botswana,,,,,,,
Albania,Brazil,,,,,,,
Algeria,Brazil,,,,,,,
Algeria,Brazil,,,,,,,
Algeria,Burundi,,,,,,,
Angola,Burundi,,,,,,,
Angola,Burundi,,,,,,,
Angola,Cambodia,,,,,,,
Argentina,Cambodia,,,,,,,
Argentina,Cambodia,,,,,,,
Argentina,Cameroon,,,,,,,
Armenia,Cameroon,,,,,,,
Armenia,Cameroon,,,,,,,
Armenia,Central African Republic,,,,,,,
Bangladesh,Central African Republic,,,,,,,
Bangladesh,Central African Republic,,,,,,,
Bangladesh,Chad,,,,,,,
Barbados,Chad,,,,,,,
Barbados,Chad,,,,,,,
Barbados,Chile,,,,,,,
Belarus,Chile,,,,,,,
Belarus,Chile,,,,,,,
Belarus,China,,,,,,,
Belize,China,,,,,,,
Belize,China,,,,,,,
Belize,Colombia,,,,,,,
Benin,Colombia,,,,,,,
Benin,Colombia,,,,,,,
Benin,Comoros,,,,,,,
Bolivia (Plurinational State of),Comoros,,,,,,,
Bolivia (Plurinational State of),Comoros,,,,,,,
Bolivia (Plurinational State of),Congo,,,,,,,
Bosnia and Herzegovina,Congo,,,,,,,
Bosnia and Herzegovina,Congo,,,,,,,
Bosnia and Herzegovina,Costa Rica,,,,,,,
Botswana,Costa Rica,,,,,,,
Botswana,Costa Rica,,,,,,,
Botswana,Cuba,,,,,,,
Brazil,Cuba,,,,,,,
Brazil,Cuba,,,,,,,
Brazil,Côte d'Ivoire,,,,,,,
Burundi,Côte d'Ivoire,,,,,,,
Burundi,Côte d'Ivoire,,,,,,,
Burundi,Democratic People's Republic of Korea,,,,,,,
Cambodia,Democratic People's Republic of Korea,,,,,,,
Cambodia,Democratic People's Republic of Korea,,,,,,,
Cambodia,Democratic Republic of the Congo,,,,,,,
Cameroon,Democratic Republic of the Congo,,,,,,,
Cameroon,Democratic Republic of the Congo,,,,,,,
Cameroon,Dominican Republic,,,,,,,
Central African Republic,Dominican Republic,,,,,,,
Central African Republic,Dominican Republic,,,,,,,
Central African Republic,East Asia and Pacific,,,,,,,
Chad,East Asia and Pacific,,,,,,,
Chad,East Asia and Pacific,,,,,,,
Chad,Eastern Europe and Central Asia,,,,,,,
Chile,Eastern Europe and Central Asia,,,,,,,
Chile,Eastern Europe and Central Asia,,,,,,,
Chile,Eastern and Southern Africa,,,,,,,
China,Eastern and Southern Africa,,,,,,,
China,Eastern and Southern Africa,,,,,,,
China,Ecuador,,,,,,,
Colombia,Ecuador,,,,,,,
Colombia,Ecuador,,,,,,,
Colombia,Egypt,,,,,,,
Comoros,Egypt,,,,,,,
Comoros,Egypt,,,,,,,
Comoros,El Salvador,,,,,,,
Congo,El Salvador,,,,,,,
Congo,El Salvador,,,,,,,
Congo,Eswatini,,,,,,,
Costa Rica,Eswatini,,,,,,,
Costa Rica,Eswatini,,,,,,,
Costa Rica,Ethiopia,,,,,,,
Cuba,Ethiopia,,,,,,,
Cuba,Ethiopia,,,,,,,
Cuba,Gabon,,,,,,,
Côte d'Ivoire,Gabon,,,,,,,
Côte d'Ivoire,Gabon,,,,,,,
Côte d'Ivoire,Gambia,,,,,,,
Democratic People's Republic of Korea,Gambia,,,,,,,
Democratic People's Republic of Korea,Gambia,,,,,,,
Democratic People's Republic of Korea,Georgia,,,,,,,
Democratic Republic of the Congo,Georgia,,,,,,,
Democratic Republic of the Congo,Georgia,,,,,,,
Democratic Republic of the Congo,Ghana,,,,,,,
Dominican Republic,Ghana,,,,,,,
Dominican Republic,Ghana,,,,,,,
Dominican Republic,Guatemala,,,,,,,
Ecuador,Guatemala,,,,,,,
Ecuador,Guatemala,,,,,,,
Ecuador,Guinea,,,,,,,
Egypt,Guinea,,,,,,,
Egypt,Guinea,,,,,,,
Egypt,Guinea-Bissau,,,,,,,
El Salvador,Guinea-Bissau,,,,,,,
El Salvador,Guinea-Bissau,,,,,,,
El Salvador,Guyana,,,,,,,
Eswatini,Guyana,,,,,,,
Eswatini,Guyana,,,,,,,
Eswatini,Haiti,,,,,,,
Ethiopia,Haiti,,,,,,,
Ethiopia,Haiti,,,,,,,
Ethiopia,Honduras,,,,,,,
Gabon,Honduras,,,,,,,
Gabon,Honduras,,,,,,,
Gabon,India,,,,,,,
Gambia,India,,,,,,,
Gambia,India,,,,,,,
Gambia,Indonesia,,,,,,,
Guinea-Bissau,Indonesia,,,,,,,
Honduras,Indonesia,,,,,,,
Honduras,Iraq,,,,,,,
India,Iraq,,,,,,,
India,Iraq,,,,,,,
India,Jordan,,,,,,,
Indonesia,Jordan,,,,,,,
Indonesia,Jordan,,,,,,,
Jordan,Kazakhstan,,,,,,,
Jordan,Kazakhstan,,,,,,,
Jordan,Kazakhstan,,,,,,,
Kazakhstan,Kenya,,,,,,,
Kazakhstan,Kenya,,,,,,,
Kazakhstan,Kenya,,,,,,,
Kenya,Kiribati,,,,,,,
Kenya,Kiribati,,,,,,,
Kenya,Kiribati,,,,,,,
Kiribati,Kosovo,,,,,,,
Kosovo,Kosovo,,,,,,,
Kosovo,Kosovo,,,,,,,
Kyrgyzstan,Kyrgyzstan,,,,,,,
Kyrgyzstan,Kyrgyzstan,,,,,,,
Kyrgyzstan,Kyrgyzstan,,,,,,,
Lao People's Democratic Republic,Lao People's Democratic Republic,,,,,,,
Lao People's Democratic Republic,Lao People's Democratic Republic,,,,,,,
Lao People's Democratic Republic,Lao People's Democratic Republic,,,,,,,
Lesotho,Latin America and Caribbean,,,,,,,
Lesotho,Latin America and Caribbean,,,,,,,
Lesotho,Latin America and Caribbean,,,,,,,
Liberia,Least developed countries,,,,,,,
Liberia,Least developed countries,,,,,,,
Liberia,Least developed countries,,,,,,,
Madagascar,Lesotho,,,,,,,
Madagascar,Lesotho,,,,,,,
Madagascar,Lesotho,,,,,,,
Malawi,Liberia,,,,,,,
Malawi,Liberia,,,,,,,
Malawi,Liberia,,,,,,,
Mali,Madagascar,,,,,,,
Mali,Madagascar,,,,,,,
Mali,Madagascar,,,,,,,
Mauritania,Malawi,,,,,,,
Mauritania,Malawi,,,,,,,
Mauritania,Malawi,,,,,,,
Mexico,Mali,,,,,,,
Mexico,Mali,,,,,,,
Mexico,Mali,,,,,,,
Mongolia,Mauritania,,,,,,,
Mongolia,Mauritania,,,,,,,
Mongolia,Mauritania,,,,,,,
Montenegro,Mexico,,,,,,,
Montenegro,Mexico,,,,,,,
Montenegro,Mexico,,,,,,,
Myanmar,Middle East and North Africa,,,,,,,
Myanmar,Middle East and North Africa,,,,,,,
Myanmar,Middle East and North Africa,,,,,,,
Namibia,Mongolia,,,,,,,
Namibia,Mongolia,,,,,,,
Namibia,Mongolia,,,,,,,
Nepal,Montenegro,,,,,,,
Nepal,Montenegro,,,,,,,
Nepal,Montenegro,,,,,,,
Niger,Myanmar,,,,,,,
Niger,Myanmar,,,,,,,
Niger,Myanmar,,,,,,,
Nigeria,Namibia,,,,,,,
Nigeria,Namibia,,,,,,,
North Macedonia,Namibia,,,,,,,
Pakistan,Nepal,,,,,,,
Panama,Nepal,,,,,,,
Paraguay,Nepal,,,,,,,
Peru,Niger,,,,,,,
Peru,Niger,,,,,,,
Philippines,Niger,,,,,,,
Philippines,Nigeria,,,,,,,
Philippines,Nigeria,,,,,,,
Republic of Moldova,Nigeria,,,,,,,
Republic of Moldova,North Macedonia,,,,,,,
Republic of Moldova,North Macedonia,,,,,,,
Saint Lucia,North Macedonia,,,,,,,
Saint Lucia,Pakistan,,,,,,,
Saint Lucia,Pakistan,,,,,,,
Sao Tome and Principe,Pakistan,,,,,,,
Sao Tome and Principe,Panama,,,,,,,
Sao Tome and Principe,Panama,,,,,,,
Senegal,Panama,,,,,,,
Senegal,Paraguay,,,,,,,
Senegal,Paraguay,,,,,,,
Serbia,Paraguay,,,,,,,
Serbia,Peru,,,,,,,
Serbia,Peru,,,,,,,
Sierra Leone,Peru,,,,,,,
Sierra Leone,Philippines,,,,,,,
Sierra Leone,Philippines,,,,,,,
South Africa,Philippines,,,,,,,
South Africa,Republic of Moldova,,,,,,,
South Africa,Republic of Moldova,,,,,,,
State of Palestine,Republic of Moldova,,,,,,,
State of Palestine,Rwanda,,,,,,,
State of Palestine,Rwanda,,,,,,,
Sudan,Rwanda,,,,,,,
Sudan,Saint Lucia,,,,,,,
Sudan,Saint Lucia,,,,,,,
Suriname,Saint Lucia,,,,,,,
Suriname,Samoa,,,,,,,
Suriname,Samoa,,,,,,,
Tajikistan,Samoa,,,,,,,
Tajikistan,Sao Tome and Principe,,,,,,,
Tajikistan,Sao Tome and Principe,,,,,,,
Thailand,Sao Tome and Principe,,,,,,,
Thailand,Senegal,,,,,,,
Thailand,Senegal,,,,,,,
Timor-Leste,Senegal,,,,,,,
Timor-Leste,Serbia,,,,,,,
Timor-Leste,Serbia,,,,,,,
Togo,Serbia,,,,,,,
Togo,Sierra Leone,,,,,,,
Togo,Sierra Leone,,,,,,,
Tunisia,Sierra Leone,,,,,,,
Tunisia,South Africa,,,,,,,
Tunisia,South Africa,,,,,,,
Turks and Caicos Islands,South Africa,,,,,,,
Turks and Caicos Islands,South Asia,,,,,,,
Turks and Caicos Islands,South Asia,,,,,,,
Tuvalu,South Asia,,,,,,,
Tuvalu,Sri Lanka,,,,,,,
Tuvalu,Sri Lanka,,,,,,,
Türkiye,Sri Lanka,,,,,,,
Uganda,State of Palestine,,,,,,,
Uganda,State of Palestine,,,,,,,
Ukraine,State of Palestine,,,,,,,
Ukraine,Sub-Saharan Africa,,,,,,,
Ukraine,Sub-Saharan Africa,,,,,,,
United Republic of Tanzania,Sub-Saharan Africa,,,,,,,
United Republic of Tanzania,Sudan,,,,,,,
United Republic of Tanzania,Sudan,,,,,,,
Uruguay,Sudan,,,,,,,
Uruguay,Suriname,,,,,,,
Uruguay,Suriname,,,,,,,
Viet Nam,Suriname,,,,,,,
Viet Nam,Tajikistan,,,,,,,
Viet Nam,Tajikistan,,,,,,,
Yemen,Tajikistan,,,,,,,
Zambia,Thailand,,,,,,,
Zambia,Thailand,,,,,,,
Zambia,Thailand,,,,,,,
Zimbabwe,Timor-Leste,,,,,,,
Zimbabwe,Timor-Leste,,,,,,,
Zimbabwe,Timor-Leste,,,,,,,
Albania,Togo,,,,,,,
Albania,Togo,,,,,,,
Albania,Togo,,,,,,,
Algeria,Tonga,,,,,,,
Anguilla,Tonga,,,,,,,
Antigua and Barbuda,Tonga,,,,,,,
Antigua and Barbuda,Tunisia,,,,,,,
Antigua and Barbuda,Tunisia,,,,,,,
Argentina,Tunisia,,,,,,,
Armenia,Turkmenistan,,,,,,,
Armenia,Turkmenistan,,,,,,,
Armenia,Turkmenistan,,,,,,,
Australia,Turks and Caicos Islands,,,,,,,
Australia,Turks and Caicos Islands,,,,,,,
Australia,Turks and Caicos Islands,,,,,,,
Austria,Tuvalu,,,,,,,
Austria,Tuvalu,,,,,,,
Austria,Tuvalu,,,,,,,
Azerbaijan,Türkiye,,,,,,,
Azerbaijan,Türkiye,,,,,,,
Azerbaijan,Türkiye,,,,,,,
Bahrain,Uganda,,,,,,,
Bahrain,Uganda,,,,,,,
Bahrain,Uganda,,,,,,,
Barbados,Ukraine,,,,,,,
Barbados,Ukraine,,,,,,,
Barbados,Ukraine,,,,,,,
Belarus,United Republic of Tanzania,,,,,,,
Belarus,United Republic of Tanzania,,,,,,,
Belarus,United Republic of Tanzania,,,,,,,
Belgium,Uruguay,,,,,,,
Belgium,Uruguay,,,,,,,
Belgium,Uruguay,,,,,,,
Belize,Viet Nam,,,,,,,
Belize,Viet Nam,,,,,,,
Belize,Viet Nam,,,,,,,
Benin,West and Central Africa,,,,,,,
Benin,West and Central Africa,,,,,,,
Benin,West and Central Africa,,,,,,,
Bhutan,World,,,,,,,
Bhutan,World,,,,,,,
Bhutan,World,,,,,,,
Bolivia (Plurinational State of),Yemen,,,,,,,
Bolivia (Plurinational State of),Yemen,,,,,,,
Bolivia (Plurinational State of),Yemen,,,,,,,
Bosnia and Herzegovina,Zambia,,,,,,,
Bosnia and Herzegovina,Zambia,,,,,,,
Bosnia and Herzegovina,Zambia,,,,,,,
Botswana,Zimbabwe,,,,,,,
Botswana,Zimbabwe,,,,,,,
Botswana,Zimbabwe,,,,,,,
Brazil,Afghanistan,,,,,,,
Brazil,Afghanistan,,,,,,,
Brazil,Afghanistan,,,,,,,
British Virgin Islands,Albania,,,,,,,
Brunei Darussalam,Albania,,,,,,,
Brunei Darussalam,Albania,,,,,,,
Brunei Darussalam,Algeria,,,,,,,
Bulgaria,Algeria,,,,,,,
Bulgaria,Algeria,,,,,,,
Bulgaria,Angola,,,,,,,
Burkina Faso,Angola,,,,,,,
Burkina Faso,Angola,,,,,,,
Burkina Faso,Argentina,,,,,,,
Burundi,Argentina,,,,,,,
Burundi,Argentina,,,,,,,
Burundi,Armenia,,,,,,,
Cabo Verde,Armenia,,,,,,,
Cabo Verde,Armenia,,,,,,,
Cabo Verde,Bangladesh,,,,,,,
Cambodia,Bangladesh,,,,,,,
Cambodia,Bangladesh,,,,,,,
Cambodia,Barbados,,,,,,,
Cameroon,Barbados,,,,,,,
Cameroon,Barbados,,,,,,,
Cameroon,Belarus,,,,,,,
Canada,Belarus,,,,,,,
Chad,Belarus,,,,,,,
Chad,Belize,,,,,,,
Chad,Belize,,,,,,,
Chile,Belize,,,,,,,
Chile,Benin,,,,,,,
Chile,Benin,,,,,,,
Colombia,Benin,,,,,,,
Colombia,Bolivia (Plurinational State of),,,,,,,
Colombia,Bolivia (Plurinational State of),,,,,,,
Comoros,Bolivia (Plurinational State of),,,,,,,
Comoros,Bosnia and Herzegovina,,,,,,,
Comoros,Bosnia and Herzegovina,,,,,,,
Congo,Bosnia and Herzegovina,,,,,,,
Congo,Botswana,,,,,,,
Congo,Botswana,,,,,,,
Cook Islands,Botswana,,,,,,,
Cyprus,Brazil,,,,,,,
Cyprus,Brazil,,,,,,,
Cyprus,Brazil,,,,,,,
Czechia,Burundi,,,,,,,
Czechia,Burundi,,,,,,,
Czechia,Burundi,,,,,,,
Côte d'Ivoire,Cambodia,,,,,,,
Côte d'Ivoire,Cambodia,,,,,,,
Côte d'Ivoire,Cambodia,,,,,,,
Denmark,Cameroon,,,,,,,
Denmark,Cameroon,,,,,,,
Denmark,Cameroon,,,,,,,
Djibouti,Central African Republic,,,,,,,
Djibouti,Central African Republic,,,,,,,
Djibouti,Central African Republic,,,,,,,
Dominica,Chad,,,,,,,
Dominica,Chad,,,,,,,
Dominica,Chad,,,,,,,
Dominican Republic,Chile,,,,,,,
Dominican Republic,Chile,,,,,,,
Dominican Republic,Chile,,,,,,,
El Salvador,China,,,,,,,
Estonia,China,,,,,,,
Eswatini,China,,,,,,,
Eswatini,Colombia,,,,,,,
Eswatini,Colombia,,,,,,,
Ethiopia,Colombia,,,,,,,
Ethiopia,Comoros,,,,,,,
Ethiopia,Comoros,,,,,,,
Fiji,Comoros,,,,,,,
Fiji,Congo,,,,,,,
Finland,Congo,,,,,,,
Finland,Congo,,,,,,,
Finland,Costa Rica,,,,,,,
France,Costa Rica,,,,,,,
France,Costa Rica,,,,,,,
France,Cuba,,,,,,,
Gabon,Cuba,,,,,,,
Gabon,Cuba,,,,,,,
Gambia,Côte d'Ivoire,,,,,,,
Georgia,Côte d'Ivoire,,,,,,,
Georgia,Côte d'Ivoire,,,,,,,
Georgia,Democratic People's Republic of Korea,,,,,,,
Germany,Democratic People's Republic of Korea,,,,,,,
Germany,Democratic People's Republic of Korea,,,,,,,
Germany,Democratic Republic of the Congo,,,,,,,
Ghana,Democratic Republic of the Congo,,,,,,,
Grenada,Democratic Republic of the Congo,,,,,,,
Grenada,Dominican Republic,,,,,,,
Guatemala,Dominican Republic,,,,,,,
Guatemala,Dominican Republic,,,,,,,
Guatemala,East Asia and Pacific,,,,,,,
Guinea,East Asia and Pacific,,,,,,,
Guinea,East Asia and Pacific,,,,,,,
Guinea,Eastern Europe and Central Asia,,,,,,,
Holy See,Eastern Europe and Central Asia,,,,,,,
Holy See,Eastern Europe and Central Asia,,,,,,,
Holy See,Eastern and Southern Africa,,,,,,,
Honduras,Eastern and Southern Africa,,,,,,,
Honduras,Eastern and Southern Africa,,,,,,,
Honduras,Ecuador,,,,,,,
Hungary,Ecuador,,,,,,,
Hungary,Ecuador,,,,,,,
Hungary,Egypt,,,,,,,
Iceland,Egypt,,,,,,,
Iceland,Egypt,,,,,,,
Iceland,El Salvador,,,,,,,
India,El Salvador,,,,,,,
Indonesia,El Salvador,,,,,,,
Indonesia,Eswatini,,,,,,,
Iran (Islamic Republic of),Eswatini,,,,,,,
Ireland,Eswatini,,,,,,,
Israel,Ethiopia,,,,,,,
Italy,Ethiopia,,,,,,,
Italy,Ethiopia,,,,,,,
Italy,Gabon,,,,,,,
Jamaica,Gabon,,,,,,,
Jamaica,Gabon,,,,,,,
Jamaica,Gambia,,,,,,,
Jordan,Gambia,,,,,,,
Jordan,Gambia,,,,,,,
Jordan,Georgia,,,,,,,
Kazakhstan,Georgia,,,,,,,
Kazakhstan,Georgia,,,,,,,
Kazakhstan,Ghana,,,,,,,
Kiribati,Ghana,,,,,,,
Kuwait,Ghana,,,,,,,
Kuwait,Guatemala,,,,,,,
Lao People's Democratic Republic,Guatemala,,,,,,,
Lao People's Democratic Republic,Guatemala,,,,,,,
Latvia,Guinea,,,,,,,
Latvia,Guinea,,,,,,,
Lesotho,Guinea,,,,,,,
Lesotho,Guinea-Bissau,,,,,,,
Lesotho,Guinea-Bissau,,,,,,,
Liberia,Guinea-Bissau,,,,,,,
Liberia,Guyana,,,,,,,
Liberia,Guyana,,,,,,,
Liechtenstein,Guyana,,,,,,,
Liechtenstein,Haiti,,,,,,,
Luxembourg,Haiti,,,,,,,
Luxembourg,Haiti,,,,,,,
Madagascar,Honduras,,,,,,,
Maldives,Honduras,,,,,,,
Maldives,Honduras,,,,,,,
Maldives,India,,,,,,,
Mali,India,,,,,,,
Mali,India,,,,,,,
Mali,Indonesia,,,,,,,
Malta,Indonesia,,,,,,,
Marshall Islands,Indonesia,,,,,,,
Marshall Islands,Iraq,,,,,,,
Marshall Islands,Iraq,,,,,,,
Mauritania,Iraq,,,,,,,
Mauritania,Jordan,,,,,,,
Mauritania,Jordan,,,,,,,
Mauritius,Jordan,,,,,,,
Mexico,Kazakhstan,,,,,,,
Mongolia,Kazakhstan,,,,,,,
Mongolia,Kazakhstan,,,,,,,
Mongolia,Kenya,,,,,,,
Montserrat,Kenya,,,,,,,
Montserrat,Kenya,,,,,,,
Montserrat,Kiribati,,,,,,,
Morocco,Kiribati,,,,,,,
Morocco,Kiribati,,,,,,,
Morocco,Kosovo,,,,,,,
Mozambique,Kosovo,,,,,,,
Mozambique,Kosovo,,,,,,,
Mozambique,Kyrgyzstan,,,,,,,
Myanmar,Kyrgyzstan,,,,,,,
Namibia,Kyrgyzstan,,,,,,,
Nauru,Lao People's Democratic Republic,,,,,,,
Nauru,Lao People's Democratic Republic,,,,,,,
Nauru,Lao People's Democratic Republic,,,,,,,
Nepal,Latin America and Caribbean,,,,,,,
Netherlands,Latin America and Caribbean,,,,,,,
Netherlands,Latin America and Caribbean,,,,,,,
Netherlands,Least developed countries,,,,,,,
Niger,Least developed countries,,,,,,,
Niger,Least developed countries,,,,,,,
Niger,Lesotho,,,,,,,
North Macedonia,Lesotho,,,,,,,
North Macedonia,Lesotho,,,,,,,
North Macedonia,Liberia,,,,,,,
Norway,Liberia,,,,,,,
Norway,Liberia,,,,,,,
Norway,Madagascar,,,,,,,
Oman,Madagascar,,,,,,,
Panama,Madagascar,,,,,,,
Papua New Guinea,Malawi,,,,,,,
Papua New Guinea,Malawi,,,,,,,
Papua New Guinea,Malawi,,,,,,,
Peru,Mali,,,,,,,
Philippines,Mali,,,,,,,
Philippines,Mali,,,,,,,
Philippines,Mauritania,,,,,,,
Poland,Mauritania,,,,,,,
Poland,Mauritania,,,,,,,
Poland,Mexico,,,,,,,
Portugal,Mexico,,,,,,,
Portugal,Mexico,,,,,,,
Portugal,Middle East and North Africa,,,,,,,
Romania,Middle East and North Africa,,,,,,,
Romania,Middle East and North Africa,,,,,,,
Russian Federation,Mongolia,,,,,,,
Russian Federation,Mongolia,,,,,,,
Russian Federation,Mongolia,,,,,,,
Rwanda,Montenegro,,,,,,,
Rwanda,Montenegro,,,,,,,
Rwanda,Montenegro,,,,,,,
Saint Kitts and Nevis,Myanmar,,,,,,,
Saint Lucia,Myanmar,,,,,,,
Saint Lucia,Myanmar,,,,,,,
Saint Lucia,Namibia,,,,,,,
Saint Vincent and the Grenadines,Namibia,,,,,,,
Samoa,Namibia,,,,,,,
San Marino,Nepal,,,,,,,
San Marino,Nepal,,,,,,,
San Marino,Nepal,,,,,,,
Sao Tome and Principe,Niger,,,,,,,
Sao Tome and Principe,Niger,,,,,,,
Sao Tome and Principe,Niger,,,,,,,
Saudi Arabia,Nigeria,,,,,,,
Saudi Arabia,Nigeria,,,,,,,
Saudi Arabia,Nigeria,,,,,,,
Senegal,North Macedonia,,,,,,,
Senegal,North Macedonia,,,,,,,
Senegal,North Macedonia,,,,,,,
Serbia,Pakistan,,,,,,,
Serbia,Pakistan,,,,,,,
Serbia,Pakistan,,,,,,,
Seychelles,Panama,,,,,,,
Seychelles,Panama,,,,,,,
Seychelles,Panama,,,,,,,
Sierra Leone,Paraguay,,,,,,,
Sierra Leone,Paraguay,,,,,,,
Sierra Leone,Paraguay,,,,,,,
Singapore,Peru,,,,,,,
Singapore,Peru,,,,,,,
Singapore,Peru,,,,,,,
Slovakia,Philippines,,,,,,,
Slovakia,Philippines,,,,,,,
Slovakia,Philippines,,,,,,,
Slovenia,Republic of Moldova,,,,,,,
Slovenia,Republic of Moldova,,,,,,,
Slovenia,Republic of Moldova,,,,,,,
Solomon Islands,Rwanda,,,,,,,
Solomon Islands,Rwanda,,,,,,,
Solomon Islands,Rwanda,,,,,,,
South Africa,Saint Lucia,,,,,,,
South Africa,Saint Lucia,,,,,,,
South Africa,Saint Lucia,,,,,,,
South Sudan,Samoa,,,,,,,
South Sudan,Samoa,,,,,,,
South Sudan,Samoa,,,,,,,
Spain,Sao Tome and Principe,,,,,,,
Spain,Sao Tome and Principe,,,,,,,
Spain,Sao Tome and Principe,,,,,,,
State of Palestine,Senegal,,,,,,,
State of Palestine,Senegal,,,,,,,
State of Palestine,Senegal,,,,,,,
Sudan,Serbia,,,,,,,
Sudan,Serbia,,,,,,,
Sudan,Serbia,,,,,,,
Suriname,Sierra Leone,,,,,,,
Suriname,Sierra Leone,,,,,,,
Suriname,Sierra Leone,,,,,,,
Tajikistan,South Africa,,,,,,,
Tajikistan,South Africa,,,,,,,
Timor-Leste,South Africa,,,,,,,
Timor-Leste,South Asia,,,,,,,
Timor-Leste,South Asia,,,,,,,
Togo,South Asia,,,,,,,
Togo,Sri Lanka,,,,,,,
Togo,Sri Lanka,,,,,,,
Tonga,Sri Lanka,,,,,,,
Tuvalu,State of Palestine,,,,,,,
Tuvalu,State of Palestine,,,,,,,
Tuvalu,State of Palestine,,,,,,,
Türkiye,Sub-Saharan Africa,,,,,,,
Türkiye,Sub-Saharan Africa,,,,,,,
Türkiye,Sub-Saharan Africa,,,,,,,
Uganda,Sudan,,,,,,,
Uganda,Sudan,,,,,,,
Uganda,Sudan,,,,,,,
Ukraine,Suriname,,,,,,,
Ukraine,Suriname,,,,,,,
Ukraine,Suriname,,,,,,,
United Kingdom,Tajikistan,,,,,,,
United Republic of Tanzania,Tajikistan,,,,,,,
United Republic of Tanzania,Tajikistan,,,,,,,
United Republic of Tanzania,Thailand,,,,,,,
United States,Thailand,,,,,,,
United States,Thailand,,,,,,,
United States,Timor-Leste,,,,,,,
Uruguay,Timor-Leste,,,,,,,
Uruguay,Timor-Leste,,,,,,,
Uruguay,Togo,,,,,,,
Uzbekistan,Togo,,,,,,,
Uzbekistan,Togo,,,,,,,
Uzbekistan,Tonga,,,,,,,
Vanuatu,Tonga,,,,,,,
Vanuatu,Tonga,,,,,,,
Vanuatu,Tunisia,,,,,,,
Venezuela (Bolivarian Republic of),Tunisia,,,,,,,
Venezuela (Bolivarian Republic of),Tunisia,,,,,,,
Venezuela (Bolivarian Republic of),Turkmenistan,,,,,,,
Albania,Turkmenistan,,,,,,,
Albania,Turkmenistan,,,,,,,
Albania,Turks and Caicos Islands,,,,,,,
Antigua and Barbuda,Turks and Caicos Islands,,,,,,,
Antigua and Barbuda,Turks and Caicos Islands,,,,,,,
Antigua and Barbuda,Tuvalu,,,,,,,
Argentina,Tuvalu,,,,,,,
Argentina,Tuvalu,,,,,,,
Argentina,Türkiye,,,,,,,
Armenia,Türkiye,,,,,,,
Armenia,Türkiye,,,,,,,
Armenia,Uganda,,,,,,,
Australia,Uganda,,,,,,,
Australia,Uganda,,,,,,,
Australia,Ukraine,,,,,,,
Austria,Ukraine,,,,,,,
Austria,Ukraine,,,,,,,
Austria,United Republic of Tanzania,,,,,,,
Azerbaijan,United Republic of Tanzania,,,,,,,
Azerbaijan,United Republic of Tanzania,,,,,,,
Azerbaijan,Uruguay,,,,,,,
Bahrain,Uruguay,,,,,,,
Bahrain,Uruguay,,,,,,,
Bahrain,Viet Nam,,,,,,,
Bangladesh,Viet Nam,,,,,,,
Bangladesh,Viet Nam,,,,,,,
Bangladesh,West and Central Africa,,,,,,,
Barbados,West and Central Africa,,,,,,,
Barbados,West and Central Africa,,,,,,,
Barbados,World,,,,,,,
Belarus,World,,,,,,,
Belarus,World,,,,,,,
Belarus,Yemen,,,,,,,
Belgium,Yemen,,,,,,,
Belgium,Yemen,,,,,,,
Belgium,Zambia,,,,,,,
Belize,Zambia,,,,,,,
Belize,Zambia,,,,,,,
Belize,Zimbabwe,,,,,,,
Benin,Zimbabwe,,,,,,,
Benin,Zimbabwe,,,,,,,
Benin,Albania,,,,,,,
Bhutan,Albania,,,,,,,
Bhutan,Albania,,,,,,,
Bhutan,Algeria,,,,,,,
Bolivia (Plurinational State of),Anguilla,,,,,,,
Bolivia (Plurinational State of),Antigua and Barbuda,,,,,,,
Bolivia (Plurinational State of),Antigua and Barbuda,,,,,,,
Bosnia and Herzegovina,Antigua and Barbuda,,,,,,,
Bosnia and Herzegovina,Argentina,,,,,,,
Bosnia and Herzegovina,Armenia,,,,,,,
Botswana,Armenia,,,,,,,
Botswana,Armenia,,,,,,,
Botswana,Australia,,,,,,,
Brazil,Australia,,,,,,,
Brazil,Australia,,,,,,,
Brazil,Austria,,,,,,,
British Virgin Islands,Austria,,,,,,,
Brunei Darussalam,Austria,,,,,,,
Bulgaria,Azerbaijan,,,,,,,
Bulgaria,Azerbaijan,,,,,,,
Bulgaria,Azerbaijan,,,,,,,
Burkina Faso,Bahrain,,,,,,,
Burkina Faso,Bahrain,,,,,,,
Burkina Faso,Bahrain,,,,,,,
Burundi,Barbados,,,,,,,
Burundi,Barbados,,,,,,,
Burundi,Barbados,,,,,,,
Cabo Verde,Belarus,,,,,,,
Cabo Verde,Belarus,,,,,,,
Cabo Verde,Belarus,,,,,,,
Cambodia,Belgium,,,,,,,
Cambodia,Belgium,,,,,,,
Cambodia,Belgium,,,,,,,
Cameroon,Belize,,,,,,,
Cameroon,Belize,,,,,,,
Cameroon,Belize,,,,,,,
Canada,Benin,,,,,,,
Canada,Benin,,,,,,,
Canada,Benin,,,,,,,
Central African Republic,Bhutan,,,,,,,
Central African Republic,Bhutan,,,,,,,
Central African Republic,Bhutan,,,,,,,
Chad,Bolivia (Plurinational State of),,,,,,,
Chad,Bolivia (Plurinational State of),,,,,,,
Chad,Bolivia (Plurinational State of),,,,,,,
Chile,Bosnia and Herzegovina,,,,,,,
Chile,Bosnia and Herzegovina,,,,,,,
Chile,Bosnia and Herzegovina,,,,,,,
Colombia,Botswana,,,,,,,
Colombia,Botswana,,,,,,,
Colombia,Botswana,,,,,,,
Comoros,Brazil,,,,,,,
Cuba,Brazil,,,,,,,
Cuba,Brazil,,,,,,,
Cuba,British Virgin Islands,,,,,,,
Cyprus,Brunei Darussalam,,,,,,,
Cyprus,Brunei Darussalam,,,,,,,
Cyprus,Brunei Darussalam,,,,,,,
Czechia,Bulgaria,,,,,,,
Czechia,Bulgaria,,,,,,,
Czechia,Bulgaria,,,,,,,
Côte d'Ivoire,Burkina Faso,,,,,,,
Côte d'Ivoire,Burkina Faso,,,,,,,
Côte d'Ivoire,Burkina Faso,,,,,,,
Denmark,Burundi,,,,,,,
Denmark,Burundi,,,,,,,
Denmark,Burundi,,,,,,,
Djibouti,Cabo Verde,,,,,,,
Djibouti,Cabo Verde,,,,,,,
Djibouti,Cabo Verde,,,,,,,
Dominica,Cambodia,,,,,,,
Dominica,Cambodia,,,,,,,
Dominica,Cambodia,,,,,,,
Ecuador,Cameroon,,,,,,,
Estonia,Cameroon,,,,,,,
Estonia,Cameroon,,,,,,,
Eswatini,Canada,,,,,,,
Eswatini,Chad,,,,,,,
Eswatini,Chad,,,,,,,
Ethiopia,Chad,,,,,,,
Ethiopia,Chile,,,,,,,
Fiji,Chile,,,,,,,
Finland,Chile,,,,,,,
Finland,Colombia,,,,,,,
Finland,Colombia,,,,,,,
France,Colombia,,,,,,,
France,Comoros,,,,,,,
France,Comoros,,,,,,,
Gabon,Comoros,,,,,,,
Gabon,Congo,,,,,,,
Gabon,Congo,,,,,,,
Georgia,Congo,,,,,,,
Georgia,Cook Islands,,,,,,,
Georgia,Cook Islands,,,,,,,
Germany,Cook Islands,,,,,,,
Germany,Costa Rica,,,,,,,
Germany,Costa Rica,,,,,,,
Ghana,Costa Rica,,,,,,,
Ghana,Croatia,,,,,,,
Guatemala,Cuba,,,,,,,
Guatemala,Cuba,,,,,,,
Guinea,Cuba,,,,,,,
Guinea,Cyprus,,,,,,,
Guinea,Cyprus,,,,,,,
Holy See,Cyprus,,,,,,,
Holy See,Czechia,,,,,,,
Holy See,Czechia,,,,,,,
Honduras,Czechia,,,,,,,
Honduras,Côte d'Ivoire,,,,,,,
Honduras,Côte d'Ivoire,,,,,,,
Hungary,Côte d'Ivoire,,,,,,,
Hungary,Denmark,,,,,,,
Hungary,Denmark,,,,,,,
Iceland,Denmark,,,,,,,
Iceland,Djibouti,,,,,,,
Iceland,Djibouti,,,,,,,
India,Djibouti,,,,,,,
India,Dominica,,,,,,,
India,Dominica,,,,,,,
Indonesia,Dominica,,,,,,,
Iran (Islamic Republic of),Dominican Republic,,,,,,,
Iran (Islamic Republic of),Dominican Republic,,,,,,,
Ireland,Dominican Republic,,,,,,,
Israel,East Asia and Pacific,,,,,,,
Italy,East Asia and Pacific,,,,,,,
Italy,East Asia and Pacific,,,,,,,
Italy,Eastern Europe and Central Asia,,,,,,,
Jordan,Eastern Europe and Central Asia,,,,,,,
Jordan,Eastern Europe and Central Asia,,,,,,,
Jordan,Eastern and Southern Africa,,,,,,,
Kazakhstan,Eastern and Southern Africa,,,,,,,
Kuwait,Eastern and Southern Africa,,,,,,,
Kuwait,Ecuador,,,,,,,
Kuwait,Egypt,,,,,,,
Kyrgyzstan,El Salvador,,,,,,,
Kyrgyzstan,El Salvador,,,,,,,
Kyrgyzstan,El Salvador,,,,,,,
Lao People's Democratic Republic,Equatorial Guinea,,,,,,,
Lao People's Democratic Republic,Equatorial Guinea,,,,,,,
Lao People's Democratic Republic,Equatorial Guinea,,,,,,,
Latvia,Eritrea,,,,,,,
Latvia,Eritrea,,,,,,,
Lesotho,Eritrea,,,,,,,
Lesotho,Estonia,,,,,,,
Liberia,Estonia,,,,,,,
Liechtenstein,Estonia,,,,,,,
Liechtenstein,Eswatini,,,,,,,
Liechtenstein,Eswatini,,,,,,,
Lithuania,Eswatini,,,,,,,
Luxembourg,Ethiopia,,,,,,,
Luxembourg,Ethiopia,,,,,,,
Luxembourg,Ethiopia,,,,,,,
Malawi,Europe and Central Asia,,,,,,,
Malawi,Europe and Central Asia,,,,,,,
Malawi,Europe and Central Asia,,,,,,,
Maldives,Fiji,,,,,,,
Maldives,Fiji,,,,,,,
Maldives,Fiji,,,,,,,
Mali,Finland,,,,,,,
Mali,Finland,,,,,,,
Mali,Finland,,,,,,,
Malta,France,,,,,,,
Malta,France,,,,,,,
Malta,France,,,,,,,
Marshall Islands,Gabon,,,,,,,
Marshall Islands,Gabon,,,,,,,
Marshall Islands,Gabon,,,,,,,
Mauritania,Gambia,,,,,,,
Mauritania,Gambia,,,,,,,
Mauritania,Gambia,,,,,,,
Micronesia (Federated States of),Georgia,,,,,,,
Micronesia (Federated States of),Georgia,,,,,,,
Micronesia (Federated States of),Georgia,,,,,,,
Mongolia,Germany,,,,,,,
Mongolia,Germany,,,,,,,
Mongolia,Germany,,,,,,,
Montenegro,Ghana,,,,,,,
Montenegro,Ghana,,,,,,,
Montenegro,Ghana,,,,,,,
Montserrat,Greece,,,,,,,
Morocco,Greece,,,,,,,
Morocco,Greece,,,,,,,
Morocco,Grenada,,,,,,,
Mozambique,Grenada,,,,,,,
Mozambique,Grenada,,,,,,,
Mozambique,Guatemala,,,,,,,
Myanmar,Guatemala,,,,,,,
Myanmar,Guatemala,,,,,,,
Myanmar,Guinea,,,,,,,
Namibia,Guinea,,,,,,,
Namibia,Guinea,,,,,,,
Nauru,Holy See,,,,,,,
Nepal,Holy See,,,,,,,
Nepal,Holy See,,,,,,,
Netherlands,Honduras,,,,,,,
New Zealand,Honduras,,,,,,,
New Zealand,Honduras,,,,,,,
New Zealand,Hungary,,,,,,,
Niger,Hungary,,,,,,,
Niger,Hungary,,,,,,,
Niger,Iceland,,,,,,,
Norway,Iceland,,,,,,,
Norway,Iceland,,,,,,,
Norway,India,,,,,,,
Oman,India,,,,,,,
Oman,India,,,,,,,
Oman,Indonesia,,,,,,,
Palau,Indonesia,,,,,,,
Panama,Indonesia,,,,,,,
Panama,Iran (Islamic Republic of),,,,,,,
Panama,Ireland,,,,,,,
Papua New Guinea,Israel,,,,,,,
Papua New Guinea,Italy,,,,,,,
Papua New Guinea,Italy,,,,,,,
Peru,Italy,,,,,,,
Portugal,Jamaica,,,,,,,
Portugal,Jamaica,,,,,,,
Portugal,Jamaica,,,,,,,
Qatar,Jordan,,,,,,,
Qatar,Jordan,,,,,,,
Qatar,Jordan,,,,,,,
Republic of Korea,Kazakhstan,,,,,,,
Republic of Korea,Kazakhstan,,,,,,,
Republic of Korea,Kazakhstan,,,,,,,
Republic of Moldova,Kiribati,,,,,,,
Romania,Kuwait,,,,,,,
Romania,Kuwait,,,,,,,
Romania,Kuwait,,,,,,,
Russian Federation,Kyrgyzstan,,,,,,,
Russian Federation,Lao People's Democratic Republic,,,,,,,
Russian Federation,Lao People's Democratic Republic,,,,,,,
Rwanda,Lao People's Democratic Republic,,,,,,,
Rwanda,Latin America and Caribbean,,,,,,,
Rwanda,Latin America and Caribbean,,,,,,,
Saint Lucia,Latin America and Caribbean,,,,,,,
Saint Lucia,Latvia,,,,,,,
Saint Lucia,Latvia,,,,,,,
Saint Vincent and the Grenadines,Latvia,,,,,,,
Saint Vincent and the Grenadines,Least developed countries,,,,,,,
Saint Vincent and the Grenadines,Least developed countries,,,,,,,
Samoa,Least developed countries,,,,,,,
San Marino,Lesotho,,,,,,,
San Marino,Lesotho,,,,,,,
San Marino,Lesotho,,,,,,,
Sao Tome and Principe,Liberia,,,,,,,
Sao Tome and Principe,Liberia,,,,,,,
Sao Tome and Principe,Liberia,,,,,,,
Saudi Arabia,Liechtenstein,,,,,,,
Saudi Arabia,Liechtenstein,,,,,,,
Saudi Arabia,Liechtenstein,,,,,,,
Senegal,Lithuania,,,,,,,
Senegal,Luxembourg,,,,,,,
Senegal,Luxembourg,,,,,,,
Serbia,Luxembourg,,,,,,,
Serbia,Madagascar,,,,,,,
Serbia,Malaysia,,,,,,,
Seychelles,Malaysia,,,,,,,
Seychelles,Malaysia,,,,,,,
Seychelles,Maldives,,,,,,,
Sierra Leone,Maldives,,,,,,,
Sierra Leone,Maldives,,,,,,,
Sierra Leone,Mali,,,,,,,
Singapore,Mali,,,,,,,
Singapore,Mali,,,,,,,
Singapore,Malta,,,,,,,
Slovenia,Marshall Islands,,,,,,,
Slovenia,Marshall Islands,,,,,,,
Slovenia,Marshall Islands,,,,,,,
South Africa,Mauritania,,,,,,,
South Africa,Mauritania,,,,,,,
South Africa,Mauritania,,,,,,,
South Sudan,Mauritius,,,,,,,
South Sudan,Mexico,,,,,,,
South Sudan,Micronesia (Federated States of),,,,,,,
Sri Lanka,Micronesia (Federated States of),,,,,,,
Sri Lanka,Micronesia (Federated States of),,,,,,,
Sri Lanka,Middle East and North Africa,,,,,,,
State of Palestine,Middle East and North Africa,,,,,,,
State of Palestine,Middle East and North Africa,,,,,,,
State of Palestine,Mongolia,,,,,,,
Sudan,Mongolia,,,,,,,
Sudan,Mongolia,,,,,,,
Sudan,Montenegro,,,,,,,
Suriname,Montenegro,,,,,,,
Suriname,Montenegro,,,,,,,
Suriname,Montserrat,,,,,,,
Sweden,Montserrat,,,,,,,
Switzerland,Montserrat,,,,,,,
Switzerland,Morocco,,,,,,,
Timor-Leste,Morocco,,,,,,,
Togo,Morocco,,,,,,,
Togo,Mozambique,,,,,,,
Togo,Mozambique,,,,,,,
Tonga,Mozambique,,,,,,,
Tonga,Myanmar,,,,,,,
Tonga,Namibia,,,,,,,
Turks and Caicos Islands,Nauru,,,,,,,
Turks and Caicos Islands,Nauru,,,,,,,
Turks and Caicos Islands,Nauru,,,,,,,
Tuvalu,Nepal,,,,,,,
Tuvalu,Netherlands,,,,,,,
Türkiye,Netherlands,,,,,,,
Uganda,Netherlands,,,,,,,
Uganda,New Zealand,,,,,,,
Uganda,New Zealand,,,,,,,
Ukraine,New Zealand,,,,,,,
Ukraine,Niger,,,,,,,
Ukraine,Niger,,,,,,,
United Arab Emirates,Niger,,,,,,,
United Arab Emirates,North America,,,,,,,
United Arab Emirates,North America,,,,,,,
United Kingdom,North America,,,,,,,
United Kingdom,North Macedonia,,,,,,,
United Kingdom,North Macedonia,,,,,,,
United Republic of Tanzania,North Macedonia,,,,,,,
United Republic of Tanzania,Norway,,,,,,,
United Republic of Tanzania,Norway,,,,,,,
Uruguay,Norway,,,,,,,
Uruguay,Oman,,,,,,,
Uruguay,Palau,,,,,,,
Yemen,Panama,,,,,,,
Yemen,Panama,,,,,,,
Yemen,Panama,,,,,,,
Zimbabwe,Papua New Guinea,,,,,,,
Afghanistan,Papua New Guinea,,,,,,,
Afghanistan,Papua New Guinea,,,,,,,
Afghanistan,Peru,,,,,,,
Albania,Philippines,,,,,,,
Albania,Philippines,,,,,,,
Albania,Philippines,,,,,,,
Anguilla,Poland,,,,,,,
Antigua and Barbuda,Poland,,,,,,,
Antigua and Barbuda,Poland,,,,,,,
Antigua and Barbuda,Portugal,,,,,,,
Argentina,Portugal,,,,,,,
Argentina,Portugal,,,,,,,
Argentina,Qatar,,,,,,,
Armenia,Qatar,,,,,,,
Armenia,Qatar,,,,,,,
Armenia,Republic of Korea,,,,,,,
Australia,Republic of Korea,,,,,,,
Australia,Republic of Korea,,,,,,,
Australia,Republic of Moldova,,,,,,,
Austria,Romania,,,,,,,
Austria,Romania,,,,,,,
Austria,Romania,,,,,,,
Azerbaijan,Russian Federation,,,,,,,
Azerbaijan,Russian Federation,,,,,,,
Azerbaijan,Russian Federation,,,,,,,
Bahrain,Rwanda,,,,,,,
Bahrain,Rwanda,,,,,,,
Bahrain,Rwanda,,,,,,,
Bangladesh,Saint Kitts and Nevis,,,,,,,
Bangladesh,Saint Lucia,,,,,,,
Bangladesh,Saint Lucia,,,,,,,
Barbados,Saint Lucia,,,,,,,
Barbados,Saint Vincent and the Grenadines,,,,,,,
Barbados,Samoa,,,,,,,
Belarus,San Marino,,,,,,,
Belarus,San Marino,,,,,,,
Belarus,San Marino,,,,,,,
Belgium,Sao Tome and Principe,,,,,,,
Belgium,Sao Tome and Principe,,,,,,,
Belgium,Sao Tome and Principe,,,,,,,
Belize,Saudi Arabia,,,,,,,
Belize,Saudi Arabia,,,,,,,
Belize,Saudi Arabia,,,,,,,
Benin,Senegal,,,,,,,
Benin,Senegal,,,,,,,
Benin,Senegal,,,,,,,
Bhutan,Serbia,,,,,,,
Bhutan,Serbia,,,,,,,
Bhutan,Serbia,,,,,,,
Bolivia (Plurinational State of),Seychelles,,,,,,,
Bolivia (Plurinational State of),Seychelles,,,,,,,
Bolivia (Plurinational State of),Seychelles,,,,,,,
Bosnia and Herzegovina,Sierra Leone,,,,,,,
Bosnia and Herzegovina,Sierra Leone,,,,,,,
Bosnia and Herzegovina,Sierra Leone,,,,,,,
Botswana,Singapore,,,,,,,
Botswana,Singapore,,,,,,,
Botswana,Singapore,,,,,,,
Brazil,Slovakia,,,,,,,
Brazil,Slovakia,,,,,,,
Brazil,Slovakia,,,,,,,
British Virgin Islands,Slovenia,,,,,,,
British Virgin Islands,Slovenia,,,,,,,
British Virgin Islands,Slovenia,,,,,,,
Brunei Darussalam,Solomon Islands,,,,,,,
Brunei Darussalam,Solomon Islands,,,,,,,
Brunei Darussalam,Solomon Islands,,,,,,,
Bulgaria,South Africa,,,,,,,
Bulgaria,South Africa,,,,,,,
Bulgaria,South Africa,,,,,,,
Burkina Faso,South Asia,,,,,,,
Burkina Faso,South Asia,,,,,,,
Burkina Faso,South Asia,,,,,,,
Burundi,South Sudan,,,,,,,
Burundi,South Sudan,,,,,,,
Burundi,South Sudan,,,,,,,
Cabo Verde,Spain,,,,,,,
Cabo Verde,Spain,,,,,,,
Cabo Verde,Spain,,,,,,,
Cambodia,Sri Lanka,,,,,,,
Cambodia,Sri Lanka,,,,,,,
Cambodia,Sri Lanka,,,,,,,
Cameroon,State of Palestine,,,,,,,
Cameroon,State of Palestine,,,,,,,
Cameroon,State of Palestine,,,,,,,
Canada,Sub-Saharan Africa,,,,,,,
Canada,Sub-Saharan Africa,,,,,,,
Canada,Sub-Saharan Africa,,,,,,,
Central African Republic,Sudan,,,,,,,
Central African Republic,Sudan,,,,,,,
Central African Republic,Sudan,,,,,,,
Chad,Suriname,,,,,,,
Chad,Suriname,,,,,,,
Comoros,Suriname,,,,,,,
Cook Islands,Sweden,,,,,,,
Cook Islands,Switzerland,,,,,,,
Cook Islands,Tajikistan,,,,,,,
Costa Rica,Tajikistan,,,,,,,
Costa Rica,Tajikistan,,,,,,,
Costa Rica,Timor-Leste,,,,,,,
Croatia,Timor-Leste,,,,,,,
Croatia,Timor-Leste,,,,,,,
Croatia,Togo,,,,,,,
Cuba,Togo,,,,,,,
Cuba,Togo,,,,,,,
Cuba,Tonga,,,,,,,
Cyprus,Turks and Caicos Islands,,,,,,,
Cyprus,Turks and Caicos Islands,,,,,,,
Cyprus,Turks and Caicos Islands,,,,,,,
Czechia,Tuvalu,,,,,,,
Czechia,Tuvalu,,,,,,,
Czechia,Tuvalu,,,,,,,
Côte d'Ivoire,Türkiye,,,,,,,
Côte d'Ivoire,Türkiye,,,,,,,
Dominican Republic,Türkiye,,,,,,,
Ecuador,Uganda,,,,,,,
Ecuador,Uganda,,,,,,,
Ecuador,Uganda,,,,,,,
Egypt,Ukraine,,,,,,,
Egypt,Ukraine,,,,,,,
Egypt,Ukraine,,,,,,,
El Salvador,United Arab Emirates,,,,,,,
Eritrea,United Kingdom,,,,,,,
Estonia,United Kingdom,,,,,,,
Estonia,United Kingdom,,,,,,,
Estonia,United Republic of Tanzania,,,,,,,
Eswatini,United Republic of Tanzania,,,,,,,
Eswatini,United Republic of Tanzania,,,,,,,
Eswatini,United States,,,,,,,
Ethiopia,United States,,,,,,,
Ethiopia,United States,,,,,,,
Ethiopia,Uruguay,,,,,,,
Fiji,Uruguay,,,,,,,
Fiji,Uruguay,,,,,,,
Fiji,Uzbekistan,,,,,,,
Finland,Uzbekistan,,,,,,,
Finland,Uzbekistan,,,,,,,
Finland,Vanuatu,,,,,,,
France,Vanuatu,,,,,,,
France,Vanuatu,,,,,,,
Gambia,Venezuela (Bolivarian Republic of),,,,,,,
Georgia,Venezuela (Bolivarian Republic of),,,,,,,
Georgia,Venezuela (Bolivarian Republic of),,,,,,,
Georgia,West and Central Africa,,,,,,,
Germany,West and Central Africa,,,,,,,
Germany,West and Central Africa,,,,,,,
Germany,Western Europe,,,,,,,
Ghana,Western Europe,,,,,,,
Ghana,Western Europe,,,,,,,
Ghana,World,,,,,,,
Greece,World,,,,,,,
Greece,World,,,,,,,
Greece,Yemen,,,,,,,
Grenada,Yemen,,,,,,,
Grenada,Yemen,,,,,,,
Grenada,Zambia,,,,,,,
Guatemala,Zambia,,,,,,,
Guatemala,Zambia,,,,,,,
Guatemala,Zimbabwe,,,,,,,
Guinea,Zimbabwe,,,,,,,
Guinea,Zimbabwe,,,,,,,
Holy See,Albania,,,,,,,
Honduras,Albania,,,,,,,
Honduras,Albania,,,,,,,
Honduras,Antigua and Barbuda,,,,,,,
Hungary,Antigua and Barbuda,,,,,,,
Hungary,Antigua and Barbuda,,,,,,,
Hungary,Argentina,,,,,,,
Iceland,Argentina,,,,,,,
Iceland,Argentina,,,,,,,
Iceland,Armenia,,,,,,,
India,Armenia,,,,,,,
India,Armenia,,,,,,,
India,Australia,,,,,,,
Indonesia,Australia,,,,,,,
Indonesia,Australia,,,,,,,
Indonesia,Austria,,,,,,,
Iran (Islamic Republic of),Austria,,,,,,,
Iran (Islamic Republic of),Austria,,,,,,,
Iran (Islamic Republic of),Azerbaijan,,,,,,,
Ireland,Azerbaijan,,,,,,,
Italy,Azerbaijan,,,,,,,
Italy,Bahrain,,,,,,,
Jordan,Bahrain,,,,,,,
Jordan,Bahrain,,,,,,,
Kuwait,Bangladesh,,,,,,,
Kuwait,Bangladesh,,,,,,,
Kyrgyzstan,Bangladesh,,,,,,,
Kyrgyzstan,Barbados,,,,,,,
Kyrgyzstan,Barbados,,,,,,,
Lao People's Democratic Republic,Barbados,,,,,,,
Lao People's Democratic Republic,Belarus,,,,,,,
Lao People's Democratic Republic,Belarus,,,,,,,
Latvia,Belarus,,,,,,,
Latvia,Belgium,,,,,,,
Latvia,Belgium,,,,,,,
Lesotho,Belgium,,,,,,,
Lesotho,Belize,,,,,,,
Lesotho,Belize,,,,,,,
Liberia,Belize,,,,,,,
Liberia,Benin,,,,,,,
Liberia,Benin,,,,,,,
Liechtenstein,Benin,,,,,,,
Liechtenstein,Bhutan,,,,,,,
Liechtenstein,Bhutan,,,,,,,
Lithuania,Bhutan,,,,,,,
Lithuania,Bolivia (Plurinational State of),,,,,,,
Lithuania,Bolivia (Plurinational State of),,,,,,,
Luxembourg,Bolivia (Plurinational State of),,,,,,,
Luxembourg,Bosnia and Herzegovina,,,,,,,
Luxembourg,Bosnia and Herzegovina,,,,,,,
Malaysia,Bosnia and Herzegovina,,,,,,,
Malaysia,Botswana,,,,,,,
Malaysia,Botswana,,,,,,,
Mali,Botswana,,,,,,,
Mali,Brazil,,,,,,,
Mali,Brazil,,,,,,,
Malta,Brazil,,,,,,,
Malta,British Virgin Islands,,,,,,,
Malta,Brunei Darussalam,,,,,,,
Marshall Islands,Bulgaria,,,,,,,
Marshall Islands,Bulgaria,,,,,,,
Marshall Islands,Bulgaria,,,,,,,
Mauritania,Burkina Faso,,,,,,,
Mauritania,Burkina Faso,,,,,,,
Mauritania,Burkina Faso,,,,,,,
Mauritius,Burundi,,,,,,,
Mauritius,Burundi,,,,,,,
Mauritius,Burundi,,,,,,,
Mexico,Cabo Verde,,,,,,,
Mexico,Cabo Verde,,,,,,,
Mexico,Cabo Verde,,,,,,,
Mongolia,Cambodia,,,,,,,
Mongolia,Cambodia,,,,,,,
Mongolia,Cambodia,,,,,,,
Montserrat,Cameroon,,,,,,,
Morocco,Cameroon,,,,,,,
Morocco,Cameroon,,,,,,,
Morocco,Canada,,,,,,,
Mozambique,Canada,,,,,,,
Mozambique,Canada,,,,,,,
Mozambique,Central African Republic,,,,,,,
Namibia,Central African Republic,,,,,,,
Namibia,Central African Republic,,,,,,,
Namibia,Chad,,,,,,,
Nauru,Chad,,,,,,,
Nauru,Chad,,,,,,,
Nauru,Chile,,,,,,,
Nepal,Chile,,,,,,,
Nepal,Chile,,,,,,,
Nepal,Colombia,,,,,,,
Netherlands,Colombia,,,,,,,
Netherlands,Colombia,,,,,,,
Netherlands,Comoros,,,,,,,
New Zealand,Comoros,,,,,,,
New Zealand,Comoros,,,,,,,
Norway,Cook Islands,,,,,,,
Norway,Cook Islands,,,,,,,
Norway,Cook Islands,,,,,,,
Oman,Costa Rica,,,,,,,
Oman,Costa Rica,,,,,,,
Oman,Costa Rica,,,,,,,
Panama,Croatia,,,,,,,
Panama,Cuba,,,,,,,
Panama,Cuba,,,,,,,
Papua New Guinea,Cuba,,,,,,,
Papua New Guinea,Cyprus,,,,,,,
Papua New Guinea,Cyprus,,,,,,,
Paraguay,Cyprus,,,,,,,
Paraguay,Czechia,,,,,,,
Paraguay,Czechia,,,,,,,
Peru,Czechia,,,,,,,
Peru,Côte d'Ivoire,,,,,,,
Peru,Côte d'Ivoire,,,,,,,
Philippines,Côte d'Ivoire,,,,,,,
Philippines,Denmark,,,,,,,
Philippines,Denmark,,,,,,,
Poland,Denmark,,,,,,,
Poland,Djibouti,,,,,,,
Poland,Djibouti,,,,,,,
Portugal,Djibouti,,,,,,,
Republic of Korea,Dominica,,,,,,,
Republic of Korea,Dominica,,,,,,,
Republic of Korea,Dominica,,,,,,,
Republic of Moldova,Dominican Republic,,,,,,,
Republic of Moldova,Dominican Republic,,,,,,,
Republic of Moldova,Dominican Republic,,,,,,,
Romania,East Asia and Pacific,,,,,,,
Romania,East Asia and Pacific,,,,,,,
Romania,East Asia and Pacific,,,,,,,
Russian Federation,Eastern Europe and Central Asia,,,,,,,
Russian Federation,Eastern Europe and Central Asia,,,,,,,
Russian Federation,Eastern Europe and Central Asia,,,,,,,
Rwanda,Eastern and Southern Africa,,,,,,,
Rwanda,Eastern and Southern Africa,,,,,,,
Rwanda,Eastern and Southern Africa,,,,,,,
Saint Kitts and Nevis,Ecuador,,,,,,,
Saint Kitts and Nevis,Ecuador,,,,,,,
Saint Kitts and Nevis,Ecuador,,,,,,,
Saint Lucia,Egypt,,,,,,,
Saint Lucia,Egypt,,,,,,,
Saint Lucia,Egypt,,,,,,,
Saint Vincent and the Grenadines,Eritrea,,,,,,,
Saint Vincent and the Grenadines,Eritrea,,,,,,,
Saint Vincent and the Grenadines,Eritrea,,,,,,,
Samoa,Estonia,,,,,,,
San Marino,Estonia,,,,,,,
San Marino,Estonia,,,,,,,
Sao Tome and Principe,Eswatini,,,,,,,
Sao Tome and Principe,Eswatini,,,,,,,
Sao Tome and Principe,Eswatini,,,,,,,
Saudi Arabia,Ethiopia,,,,,,,
Senegal,Ethiopia,,,,,,,
Senegal,Ethiopia,,,,,,,
Serbia,Europe and Central Asia,,,,,,,
Seychelles,Europe and Central Asia,,,,,,,
Seychelles,Europe and Central Asia,,,,,,,
Sierra Leone,Fiji,,,,,,,
Sierra Leone,Finland,,,,,,,
Sierra Leone,Finland,,,,,,,
Singapore,Finland,,,,,,,
Slovakia,France,,,,,,,
Slovakia,France,,,,,,,
Slovenia,France,,,,,,,
Slovenia,Gabon,,,,,,,
Slovenia,Gabon,,,,,,,
Solomon Islands,Gabon,,,,,,,
South Africa,Gambia,,,,,,,
South Africa,Gambia,,,,,,,
South Africa,Gambia,,,,,,,
South Sudan,Georgia,,,,,,,
South Sudan,Georgia,,,,,,,
South Sudan,Georgia,,,,,,,
Spain,Germany,,,,,,,
Spain,Germany,,,,,,,
Spain,Germany,,,,,,,
Sri Lanka,Ghana,,,,,,,
Sri Lanka,Ghana,,,,,,,
Sri Lanka,Ghana,,,,,,,
State of Palestine,Greece,,,,,,,
State of Palestine,Greece,,,,,,,
State of Palestine,Greece,,,,,,,
Sudan,Grenada,,,,,,,
Sudan,Guatemala,,,,,,,
Sudan,Guatemala,,,,,,,
Suriname,Guatemala,,,,,,,
Suriname,Guinea,,,,,,,
Suriname,Guinea,,,,,,,
Sweden,Guinea,,,,,,,
Sweden,Holy See,,,,,,,
Sweden,Holy See,,,,,,,
Switzerland,Holy See,,,,,,,
Switzerland,Honduras,,,,,,,
Switzerland,Honduras,,,,,,,
Tajikistan,Honduras,,,,,,,
Tajikistan,Hungary,,,,,,,
Tajikistan,Hungary,,,,,,,
Thailand,Hungary,,,,,,,
Thailand,Iceland,,,,,,,
Thailand,Iceland,,,,,,,
Timor-Leste,Iceland,,,,,,,
Tuvalu,India,,,,,,,
Tuvalu,India,,,,,,,
Türkiye,India,,,,,,,
Türkiye,Indonesia,,,,,,,
Türkiye,Indonesia,,,,,,,
Uganda,Indonesia,,,,,,,
Uganda,Iran (Islamic Republic of),,,,,,,
Uganda,Iran (Islamic Republic of),,,,,,,
Ukraine,Iran (Islamic Republic of),,,,,,,
Ukraine,Ireland,,,,,,,
Ukraine,Israel,,,,,,,
United Arab Emirates,Italy,,,,,,,
United Arab Emirates,Italy,,,,,,,
United Arab Emirates,Italy,,,,,,,
United Kingdom,Jordan,,,,,,,
United Kingdom,Jordan,,,,,,,
United Kingdom,Jordan,,,,,,,
United Republic of Tanzania,Kazakhstan,,,,,,,
United Republic of Tanzania,Kuwait,,,,,,,
United Republic of Tanzania,Kuwait,,,,,,,
United States,Kuwait,,,,,,,
United States,Kyrgyzstan,,,,,,,
United States,Kyrgyzstan,,,,,,,
Uruguay,Kyrgyzstan,,,,,,,
Uruguay,Lao People's Democratic Republic,,,,,,,
Uruguay,Lao People's Democratic Republic,,,,,,,
Uzbekistan,Lao People's Democratic Republic,,,,,,,
Uzbekistan,Latin America and Caribbean,,,,,,,
Uzbekistan,Latin America and Caribbean,,,,,,,
Vanuatu,Latin America and Caribbean,,,,,,,
Vanuatu,Latvia,,,,,,,
Vanuatu,Latvia,,,,,,,
Venezuela (Bolivarian Republic of),Latvia,,,,,,,
Venezuela (Bolivarian Republic of),Least developed countries,,,,,,,
Venezuela (Bolivarian Republic of),Least developed countries,,,,,,,
Yemen,Least developed countries,,,,,,,
Yemen,Lesotho,,,,,,,
Yemen,Lesotho,,,,,,,
Zimbabwe,Lesotho,,,,,,,
Zimbabwe,Liberia,,,,,,,
Zimbabwe,Liberia,,,,,,,
,Liberia,,,,,,,
,Liechtenstein,,,,,,,
,Liechtenstein,,,,,,,
,Liechtenstein,,,,,,,
,Lithuania,,,,,,,
,Luxembourg,,,,,,,
,Luxembourg,,,,,,,
,Luxembourg,,,,,,,
,Madagascar,,,,,,,
,Madagascar,,,,,,,
,Madagascar,,,,,,,
,Malawi,,,,,,,
,Malawi,,,,,,,
,Malawi,,,,,,,
,Malaysia,,,,,,,
,Malaysia,,,,,,,
,Malaysia,,,,,,,
,Maldives,,,,,,,
,Maldives,,,,,,,
,Maldives,,,,,,,
,Mali,,,,,,,
,Mali,,,,,,,
,Mali,,,,,,,
,Malta,,,,,,,
,Malta,,,,,,,
,Malta,,,,,,,
,Marshall Islands,,,,,,,
,Marshall Islands,,,,,,,
,Marshall Islands,,,,,,,
,Mauritania,,,,,,,
,Mauritania,,,,,,,
,Mauritania,,,,,,,
,Mauritius,,,,,,,
,Mauritius,,,,,,,
,Mauritius,,,,,,,
,Mexico,,,,,,,
,Mexico,,,,,,,
,Mexico,,,,,,,
,Micronesia (Federated States of),,,,,,,
,Micronesia (Federated States of),,,,,,,
,Micronesia (Federated States of),,,,,,,
,Middle East and North Africa,,,,,,,
,Middle East and North Africa,,,,,,,
,Middle East and North Africa,,,,,,,
,Mongolia,,,,,,,
,Mongolia,,,,,,,
,Mongolia,,,,,,,
,Montenegro,,,,,,,
,Montenegro,,,,,,,
,Montenegro,,,,,,,
,Montserrat,,,,,,,
,Morocco,,,,,,,
,Morocco,,,,,,,
,Morocco,,,,,,,
,Mozambique,,,,,,,
,Mozambique,,,,,,,
,Mozambique,,,,,,,
,Myanmar,,,,,,,
,Myanmar,,,,,,,
,Myanmar,,,,,,,
,Namibia,,,,,,,
,Namibia,,,,,,,
,Namibia,,,,,,,
,Nauru,,,,,,,
,Nauru,,,,,,,
,Nauru,,,,,,,
,Nepal,,,,,,,
,Nepal,,,,,,,
,Nepal,,,,,,,
,Netherlands,,,,,,,
,Netherlands,,,,,,,
,Netherlands,,,,,,,
,New Zealand,,,,,,,
,New Zealand,,,,,,,
,New Zealand,,,,,,,
,Niger,,,,,,,
,Niger,,,,,,,
,Niger,,,,,,,
,North America,,,,,,,
,North America,,,,,,,
,North America,,,,,,,
,Norway,,,,,,,
,Norway,,,,,,,
,Norway,,,,,,,
,Oman,,,,,,,
,Oman,,,,,,,
,Oman,,,,,,,
,Palau,,,,,,,
,Panama,,,,,,,
,Panama,,,,,,,
,Panama,,,,,,,
,Papua New Guinea,,,,,,,
,Papua New Guinea,,,,,,,
,Papua New Guinea,,,,,,,
,Peru,,,,,,,
,Peru,,,,,,,
,Peru,,,,,,,
,Philippines,,,,,,,
,Philippines,,,,,,,
,Philippines,,,,,,,
,Poland,,,,,,,
,Poland,,,,,,,
,Poland,,,,,,,
,Portugal,,,,,,,
,Portugal,,,,,,,
,Portugal,,,,,,,
,Qatar,,,,,,,
,Qatar,,,,,,,
,Qatar,,,,,,,
,Republic of Korea,,,,,,,
,Republic of Korea,,,,,,,
,Republic of Korea,,,,,,,
,Republic of Moldova,,,,,,,
,Romania,,,,,,,
,Romania,,,,,,,
,Romania,,,,,,,
,Russian Federation,,,,,,,
,Russian Federation,,,,,,,
,Russian Federation,,,,,,,
,Rwanda,,,,,,,
,Rwanda,,,,,,,
,Rwanda,,,,,,,
,Saint Lucia,,,,,,,
,Saint Lucia,,,,,,,
,Saint Lucia,,,,,,,
,Saint Vincent and the Grenadines,,,,,,,
,Saint Vincent and the Grenadines,,,,,,,
,Saint Vincent and the Grenadines,,,,,,,
,Samoa,,,,,,,
,San Marino,,,,,,,
,San Marino,,,,,,,
,San Marino,,,,,,,
,Sao Tome and Principe,,,,,,,
,Sao Tome and Principe,,,,,,,
,Sao Tome and Principe,,,,,,,
,Saudi Arabia,,,,,,,
,Saudi Arabia,,,,,,,
,Saudi Arabia,,,,,,,
,Senegal,,,,,,,
,Senegal,,,,,,,
,Senegal,,,,,,,
,Serbia,,,,,,,
,Serbia,,,,,,,
,Serbia,,,,,,,
,Seychelles,,,,,,,
,Seychelles,,,,,,,
,Seychelles,,,,,,,
,Sierra Leone,,,,,,,
,Sierra Leone,,,,,,,
,Sierra Leone,,,,,,,
,Singapore,,,,,,,
,Singapore,,,,,,,
,Singapore,,,,,,,
,Slovakia,,,,,,,
,Slovakia,,,,,,,
,Slovakia,,,,,,,
,Slovenia,,,,,,,
,Slovenia,,,,,,,
,Slovenia,,,,,,,
,South Africa,,,,,,,
,South Africa,,,,,,,
,South Africa,,,,,,,
,South Asia,,,,,,,
,South Asia,,,,,,,
,South Asia,,,,,,,
,South Sudan,,,,,,,
,South Sudan,,,,,,,
,South Sudan,,,,,,,
,Spain,,,,,,,
,Spain,,,,,,,
,Spain,,,,,,,
,Sri Lanka,,,,,,,
,Sri Lanka,,,,,,,
,Sri Lanka,,,,,,,
,State of Palestine,,,,,,,
,State of Palestine,,,,,,,
,State of Palestine,,,,,,,
,Sub-Saharan Africa,,,,,,,
,Sub-Saharan Africa,,,,,,,
,Sub-Saharan Africa,,,,,,,
,Sudan,,,,,,,
,Sudan,,,,,,,
,Sudan,,,,,,,
,Suriname,,,,,,,
,Suriname,,,,,,,
,Suriname,,,,,,,
,Sweden,,,,,,,
,Switzerland,,,,,,,
,Switzerland,,,,,,,
,Switzerland,,,,,,,
,Timor-Leste,,,,,,,
,Timor-Leste,,,,,,,
,Timor-Leste,,,,,,,
,Togo,,,,,,,
,Togo,,,,,,,
,Togo,,,,,,,
,Tonga,,,,,,,
,Tonga,,,,,,,
,Tonga,,,,,,,
,Turks and Caicos Islands,,,,,,,
,Turks and Caicos Islands,,,,,,,
,Turks and Caicos Islands,,,,,,,
,Tuvalu,,,,,,,
,Tuvalu,,,,,,,
,Tuvalu,,,,,,,
,Türkiye,,,,,,,
,Türkiye,,,,,,,
,Türkiye,,,,,,,
,Uganda,,,,,,,
,Uganda,,,,,,,
,Uganda,,,,,,,
,Ukraine,,,,,,,
,Ukraine,,,,,,,
,Ukraine,,,,,,,
,United Arab Emirates,,,,,,,
,United Arab Emirates,,,,,,,
,United Arab Emirates,,,,,,,
,United Kingdom,,,,,,,
,United Kingdom,,,,,,,
,United Kingdom,,,,,,,
,United Republic of Tanzania,,,,,,,
,United Republic of Tanzania,,,,,,,
,United Republic of Tanzania,,,,,,,
,Uruguay,,,,,,,
,Uruguay,,,,,,,
,Uruguay,,,,,,,
,Uzbekistan,,,,,,,
,Uzbekistan,,,,,,,
,Uzbekistan,,,,,,,
,Vanuatu,,,,,,,
,Vanuatu,,,,,,,
,Vanuatu,,,,,,,
,Venezuela (Bolivarian Republic of),,,,,,,
,Venezuela (Bolivarian Republic of),,,,,,,
,Venezuela (Bolivarian Republic of),,,,,,,
,West and Central Africa,,,,,,,
,West and Central Africa,,,,,,,
,West and Central Africa,,,,,,,
,Western Europe,,,,,,,
,Western Europe,,,,,,,
,Western Europe,,,,,,,
,World,,,,,,,
,World,,,,,,,
,World,,,,,,,
,Yemen,,,,,,,
,Yemen,,,,,,,
,Yemen,,,,,,,
,Zimbabwe,,,,,,,
,Afghanistan,,,,,,,
,Afghanistan,,,,,,,
,Afghanistan,,,,,,,
,Albania,,,,,,,
,Albania,,,,,,,
,Albania,,,,,,,
,Anguilla,,,,,,,
,Antigua and Barbuda,,,,,,,
,Antigua and Barbuda,,,,,,,
,Antigua and Barbuda,,,,,,,
,Argentina,,,,,,,
,Argentina,,,,,,,
,Argentina,,,,,,,
,Armenia,,,,,,,
,Armenia,,,,,,,
,Armenia,,,,,,,
,Australia,,,,,,,
,Australia,,,,,,,
,Australia,,,,,,,
,Austria,,,,,,,
,Austria,,,,,,,
,Austria,,,,,,,
,Azerbaijan,,,,,,,
,Azerbaijan,,,,,,,
,Azerbaijan,,,,,,,
,Bahrain,,,,,,,
,Bahrain,,,,,,,
,Bahrain,,,,,,,
,Bangladesh,,,,,,,
,Bangladesh,,,,,,,
,Bangladesh,,,,,,,
,Barbados,,,,,,,
,Barbados,,,,,,,
,Barbados,,,,,,,
,Belarus,,,,,,,
,Belarus,,,,,,,
,Belarus,,,,,,,
,Belgium,,,,,,,
,Belgium,,,,,,,
,Belgium,,,,,,,
,Belize,,,,,,,
,Belize,,,,,,,
,Belize,,,,,,,
,Benin,,,,,,,
,Benin,,,,,,,
,Benin,,,,,,,
,Bhutan,,,,,,,
,Bhutan,,,,,,,
,Bhutan,,,,,,,
,Bolivia (Plurinational State of),,,,,,,
,Bolivia (Plurinational State of),,,,,,,
,Bolivia (Plurinational State of),,,,,,,
,Bosnia and Herzegovina,,,,,,,
,Bosnia and Herzegovina,,,,,,,
,Bosnia and Herzegovina,,,,,,,
,Botswana,,,,,,,
,Botswana,,,,,,,
,Botswana,,,,,,,
,Brazil,,,,,,,
,Brazil,,,,,,,
,Brazil,,,,,,,
,British Virgin Islands,,,,,,,
,British Virgin Islands,,,,,,,
,British Virgin Islands,,,,,,,
,Brunei Darussalam,,,,,,,
,Brunei Darussalam,,,,,,,
,Brunei Darussalam,,,,,,,
,Bulgaria,,,,,,,
,Bulgaria,,,,,,,
,Bulgaria,,,,,,,
,Burkina Faso,,,,,,,
,Burkina Faso,,,,,,,
,Burkina Faso,,,,,,,
,Burundi,,,,,,,
,Burundi,,,,,,,
,Burundi,,,,,,,
,Cabo Verde,,,,,,,
,Cabo Verde,,,,,,,
,Cabo Verde,,,,,,,
,Cambodia,,,,,,,
,Cambodia,,,,,,,
,Cambodia,,,,,,,
,Cameroon,,,,,,,
,Cameroon,,,,,,,
,Cameroon,,,,,,,
,Canada,,,,,,,
,Canada,,,,,,,
,Canada,,,,,,,
,Central African Republic,,,,,,,
,Central African Republic,,,,,,,
,Central African Republic,,,,,,,
,Chad,,,,,,,
,Chad,,,,,,,
,Chad,,,,,,,
,Chile,,,,,,,
,Chile,,,,,,,
,Chile,,,,,,,
,Colombia,,,,,,,
,Colombia,,,,,,,
,Colombia,,,,,,,
,Comoros,,,,,,,
,Comoros,,,,,,,
,Comoros,,,,,,,
,Cook Islands,,,,,,,
,Cook Islands,,,,,,,
,Cook Islands,,,,,,,
,Costa Rica,,,,,,,
,Costa Rica,,,,,,,
,Costa Rica,,,,,,,
,Croatia,,,,,,,
,Croatia,,,,,,,
,Croatia,,,,,,,
,Cuba,,,,,,,
,Cuba,,,,,,,
,Cuba,,,,,,,
,Cyprus,,,,,,,
,Cyprus,,,,,,,
,Cyprus,,,,,,,
,Czechia,,,,,,,
,Czechia,,,,,,,
,Czechia,,,,,,,
,Côte d'Ivoire,,,,,,,
,Côte d'Ivoire,,,,,,,
,Côte d'Ivoire,,,,,,,
,Denmark,,,,,,,
,Denmark,,,,,,,
,Denmark,,,,,,,
,Djibouti,,,,,,,
,Djibouti,,,,,,,
,Djibouti,,,,,,,
,Dominica,,,,,,,
,Dominica,,,,,,,
,Dominica,,,,,,,
,Dominican Republic,,,,,,,
,Dominican Republic,,,,,,,
,Dominican Republic,,,,,,,
,East Asia and Pacific,,,,,,,
,East Asia and Pacific,,,,,,,
,East Asia and Pacific,,,,,,,
,Eastern Europe and Central Asia,,,,,,,
,Eastern Europe and Central Asia,,,,,,,
,Eastern Europe and Central Asia,,,,,,,
,Eastern and Southern Africa,,,,,,,
,Eastern and Southern Africa,,,,,,,
,Eastern and Southern Africa,,,,,,,
,Ecuador,,,,,,,
,Ecuador,,,,,,,
,Ecuador,,,,,,,
,Egypt,,,,,,,
,Egypt,,,,,,,
,Egypt,,,,,,,
,El Salvador,,,,,,,
,El Salvador,,,,,,,
,El Salvador,,,,,,,
,Eritrea,,,,,,,
,Eritrea,,,,,,,
,Eritrea,,,,,,,
,Estonia,,,,,,,
,Estonia,,,,,,,
,Estonia,,,,,,,
,Eswatini,,,,,,,
,Eswatini,,,,,,,
,Eswatini,,,,,,,
,Ethiopia,,,,,,,
,Ethiopia,,,,,,,
,Ethiopia,,,,,,,
,Europe and Central Asia,,,,,,,
,Europe and Central Asia,,,,,,,
,Europe and Central Asia,,,,,,,
,Fiji,,,,,,,
,Fiji,,,,,,,
,Fiji,,,,,,,
,Finland,,,,,,,
,Finland,,,,,,,
,Finland,,,,,,,
,France,,,,,,,
,France,,,,,,,
,France,,,,,,,
,Gabon,,,,,,,
,Gabon,,,,,,,
,Gabon,,,,,,,
,Gambia,,,,,,,
,Gambia,,,,,,,
,Gambia,,,,,,,
,Georgia,,,,,,,
,Georgia,,,,,,,
,Georgia,,,,,,,
,Germany,,,,,,,
,Germany,,,,,,,
,Germany,,,,,,,
,Ghana,,,,,,,
,Ghana,,,,,,,
,Ghana,,,,,,,
,Greece,,,,,,,
,Greece,,,,,,,
,Greece,,,,,,,
,Grenada,,,,,,,
,Grenada,,,,,,,
,Grenada,,,,,,,
,Guatemala,,,,,,,
,Guatemala,,,,,,,
,Guatemala,,,,,,,
,Guinea,,,,,,,
,Guinea,,,,,,,
,Guinea,,,,,,,
,Holy See,,,,,,,
,Holy See,,,,,,,
,Holy See,,,,,,,
,Honduras,,,,,,,
,Honduras,,,,,,,
,Honduras,,,,,,,
,Hungary,,,,,,,
,Hungary,,,,,,,
,Hungary,,,,,,,
,Iceland,,,,,,,
,Iceland,,,,,,,
,Iceland,,,,,,,
,India,,,,,,,
,India,,,,,,,
,India,,,,,,,
,Indonesia,,,,,,,
,Indonesia,,,,,,,
,Indonesia,,,,,,,
,Iran (Islamic Republic of),,,,,,,
,Iran (Islamic Republic of),,,,,,,
,Iran (Islamic Republic of),,,,,,,
,Ireland,,,,,,,
,Ireland,,,,,,,
,Ireland,,,,,,,
,Israel,,,,,,,
,Italy,,,,,,,
,Italy,,,,,,,
,Italy,,,,,,,
,Jamaica,,,,,,,
,Jamaica,,,,,,,
,Jamaica,,,,,,,
,Jordan,,,,,,,
,Jordan,,,,,,,
,Jordan,,,,,,,
,Kazakhstan,,,,,,,
,Kuwait,,,,,,,
,Kuwait,,,,,,,
,Kuwait,,,,,,,
,Kyrgyzstan,,,,,,,
,Kyrgyzstan,,,,,,,
,Kyrgyzstan,,,,,,,
,Lao People's Democratic Republic,,,,,,,
,Lao People's Democratic Republic,,,,,,,
,Lao People's Democratic Republic,,,,,,,
,Latin America and Caribbean,,,,,,,
,Latin America and Caribbean,,,,,,,
,Latin America and Caribbean,,,,,,,
,Latvia,,,,,,,
,Latvia,,,,,,,
,Latvia,,,,,,,
,Least developed countries,,,,,,,
,Least developed countries,,,,,,,
,Least developed countries,,,,,,,
,Lesotho,,,,,,,
,Lesotho,,,,,,,
,Lesotho,,,,,,,
,Liberia,,,,,,,
,Liberia,,,,,,,
,Liberia,,,,,,,
,Liechtenstein,,,,,,,
,Liechtenstein,,,,,,,
,Liechtenstein,,,,,,,
,Lithuania,,,,,,,
,Lithuania,,,,,,,
,Lithuania,,,,,,,
,Luxembourg,,,,,,,
,Luxembourg,,,,,,,
,Luxembourg,,,,,,,
,Madagascar,,,,,,,
,Madagascar,,,,,,,
,Madagascar,,,,,,,
,Malawi,,,,,,,
,Malawi,,,,,,,
,Malawi,,,,,,,
,Malaysia,,,,,,,
,Malaysia,,,,,,,
,Malaysia,,,,,,,
,Maldives,,,,,,,
,Maldives,,,,,,,
,Maldives,,,,,,,
,Mali,,,,,,,
,Mali,,,,,,,
,Mali,,,,,,,
,Malta,,,,,,,
,Malta,,,,,,,
,Malta,,,,,,,
,Marshall Islands,,,,,,,
,Marshall Islands,,,,,,,
,Marshall Islands,,,,,,,
,Mauritania,,,,,,,
,Mauritania,,,,,,,
,Mauritania,,,,,,,
,Mauritius,,,,,,,
,Mauritius,,,,,,,
,Mauritius,,,,,,,
,Mexico,,,,,,,
,Mexico,,,,,,,
,Mexico,,,,,,,
,Middle East and North Africa,,,,,,,
,Middle East and North Africa,,,,,,,
,Middle East and North Africa,,,,,,,
,Mongolia,,,,,,,
,Mongolia,,,,,,,
,Mongolia,,,,,,,
,Montenegro,,,,,,,
,Montenegro,,,,,,,
,Montenegro,,,,,,,
,Montserrat,,,,,,,
,Morocco,,,,,,,
,Morocco,,,,,,,
,Morocco,,,,,,,
,Mozambique,,,,,,,
,Mozambique,,,,,,,
,Mozambique,,,,,,,
,Myanmar,,,,,,,
,Myanmar,,,,,,,
,Myanmar,,,,,,,
,Namibia,,,,,,,
,Namibia,,,,,,,
,Namibia,,,,,,,
,Nauru,,,,,,,
,Nauru,,,,,,,
,Nauru,,,,,,,
,Nepal,,,,,,,
,Nepal,,,,,,,
,Nepal,,,,,,,
,Netherlands,,,,,,,
,Netherlands,,,,,,,
,Netherlands,,,,,,,
,New Zealand,,,,,,,
,New Zealand,,,,,,,
,New Zealand,,,,,,,
,Niger,,,,,,,
,Niger,,,,,,,
,Niger,,,,,,,
,Niue,,,,,,,
,North America,,,,,,,
,North America,,,,,,,
,North America,,,,,,,
,Norway,,,,,,,
,Norway,,,,,,,
,Norway,,,,,,,
,Oman,,,,,,,
,Oman,,,,,,,
,Oman,,,,,,,
,Panama,,,,,,,
,Panama,,,,,,,
,Panama,,,,,,,
,Papua New Guinea,,,,,,,
,Papua New Guinea,,,,,,,
,Papua New Guinea,,,,,,,
,Paraguay,,,,,,,
,Paraguay,,,,,,,
,Paraguay,,,,,,,
,Peru,,,,,,,
,Peru,,,,,,,
,Peru,,,,,,,
,Philippines,,,,,,,
,Philippines,,,,,,,
,Philippines,,,,,,,
,Poland,,,,,,,
,Poland,,,,,,,
,Poland,,,,,,,
,Portugal,,,,,,,
,Republic of Korea,,,,,,,
,Republic of Korea,,,,,,,
,Republic of Korea,,,,,,,
,Republic of Moldova,,,,,,,
,Republic of Moldova,,,,,,,
,Republic of Moldova,,,,,,,
,Romania,,,,,,,
,Romania,,,,,,,
,Romania,,,,,,,
,Russian Federation,,,,,,,
,Russian Federation,,,,,,,
,Russian Federation,,,,,,,
,Rwanda,,,,,,,
,Rwanda,,,,,,,
,Rwanda,,,,,,,
,Saint Kitts and Nevis,,,,,,,
,Saint Kitts and Nevis,,,,,,,
,Saint Kitts and Nevis,,,,,,,
,Saint Lucia,,,,,,,
,Saint Lucia,,,,,,,
,Saint Lucia,,,,,,,
,Saint Vincent and the Grenadines,,,,,,,
,Saint Vincent and the Grenadines,,,,,,,
,Saint Vincent and the Grenadines,,,,,,,
,Samoa,,,,,,,
,Samoa,,,,,,,
,Samoa,,,,,,,
,San Marino,,,,,,,
,San Marino,,,,,,,
,San Marino,,,,,,,
,Sao Tome and Principe,,,,,,,
,Sao Tome and Principe,,,,,,,
,Sao Tome and Principe,,,,,,,
,Saudi Arabia,,,,,,,
,Saudi Arabia,,,,,,,
,Saudi Arabia,,,,,,,
,Senegal,,,,,,,
,Senegal,,,,,,,
,Senegal,,,,,,,
,Serbia,,,,,,,
,Serbia,,,,,,,
,Serbia,,,,,,,
,Seychelles,,,,,,,
,Seychelles,,,,,,,
,Seychelles,,,,,,,
,Sierra Leone,,,,,,,
,Sierra Leone,,,,,,,
,Sierra Leone,,,,,,,
,Singapore,,,,,,,
,Singapore,,,,,,,
,Singapore,,,,,,,
,Slovakia,,,,,,,
,Slovakia,,,,,,,
,Slovakia,,,,,,,
,Slovenia,,,,,,,
,Slovenia,,,,,,,
,Slovenia,,,,,,,
,Solomon Islands,,,,,,,
,South Africa,,,,,,,
,South Africa,,,,,,,
,South Africa,,,,,,,
,South Asia,,,,,,,
,South Asia,,,,,,,
,South Asia,,,,,,,
,South Sudan,,,,,,,
,South Sudan,,,,,,,
,South Sudan,,,,,,,
,Spain,,,,,,,
,Spain,,,,,,,
,Spain,,,,,,,
,Sri Lanka,,,,,,,
,Sri Lanka,,,,,,,
,Sri Lanka,,,,,,,
,State of Palestine,,,,,,,
,State of Palestine,,,,,,,
,State of Palestine,,,,,,,
,Sub-Saharan Africa,,,,,,,
,Sub-Saharan Africa,,,,,,,
,Sub-Saharan Africa,,,,,,,
,Sudan,,,,,,,
,Sudan,,,,,,,
,Sudan,,,,,,,
,Suriname,,,,,,,
,Suriname,,,,,,,
,Suriname,,,,,,,
,Sweden,,,,,,,
,Sweden,,,,,,,
,Sweden,,,,,,,
,Switzerland,,,,,,,
,Switzerland,,,,,,,
,Switzerland,,,,,,,
,Tajikistan,,,,,,,
,Tajikistan,,,,,,,
,Tajikistan,,,,,,,
,Thailand,,,,,,,
,Thailand,,,,,,,
,Thailand,,,,,,,
,Timor-Leste,,,,,,,
,Timor-Leste,,,,,,,
,Timor-Leste,,,,,,,
,Togo,,,,,,,
,Togo,,,,,,,
,Togo,,,,,,,
,Tokelau,,,,,,,
,Tokelau,,,,,,,
,Tokelau,,,,,,,
,Tonga,,,,,,,
,Tonga,,,,,,,
,Tonga,,,,,,,
,Trinidad and Tobago,,,,,,,
,Trinidad and Tobago,,,,,,,
,Trinidad and Tobago,,,,,,,
,Turks and Caicos Islands,,,,,,,
,Turks and Caicos Islands,,,,,,,
,Turks and Caicos Islands,,,,,,,
,Tuvalu,,,,,,,
,Tuvalu,,,,,,,
,Tuvalu,,,,,,,
,Türkiye,,,,,,,
,Türkiye,,,,,,,
,Türkiye,,,,,,,
,Uganda,,,,,,,
,Uganda,,,,,,,
,Uganda,,,,,,,
,Ukraine,,,,,,,
,Ukraine,,,,,,,
,Ukraine,,,,,,,
,United Arab Emirates,,,,,,,
,United Arab Emirates,,,,,,,
,United Arab Emirates,,,,,,,
,United Kingdom,,,,,,,
,United Kingdom,,,,,,,
,United Kingdom,,,,,,,
,United Republic of Tanzania,,,,,,,
,United Republic of Tanzania,,,,,,,
,United Republic of Tanzania,,,,,,,
,United States,,,,,,,
,United States,,,,,,,
,United States,,,,,,,
,Uruguay,,,,,,,
,Uruguay,,,,,,,
,Uruguay,,,,,,,
,Uzbekistan,,,,,,,
,Uzbekistan,,,,,,,
,Uzbekistan,,,,,,,
,Vanuatu,,,,,,,
,Vanuatu,,,,,,,
,Vanuatu,,,,,,,
,Venezuela (Bolivarian Republic of),,,,,,,
,Venezuela (Bolivarian Republic of),,,,,,,
,Venezuela (Bolivarian Republic of),,,,,,,
,West and Central Africa,,,,,,,
,West and Central Africa,,,,,,,
,West and Central Africa,,,,,,,
,Western Europe,,,,,,,
,Western Europe,,,,,,,
,Western Europe,,,,,,,
,World,,,,,,,
,World,,,,,,,
,World,,,,,,,
,Yemen,,,,,,,
,Yemen,,,,,,,
,Yemen,,,,,,,
,Zimbabwe,,,,,,,
,Zimbabwe,,,,,,,
,Zimbabwe,,,,,,,
